brand,product_name,product_full,standard_ingredients,num_ingredients
웰라쥬,리얼 히알루로닉 블루 앰플,웰라쥬 리얼 히알루로닉 블루 앰플,,0
메디힐,마데카소사이드 리페어 세럼,메디힐 마데카소사이드 리페어 세럼,,0
브링그린,징크테카 트러블 세럼,브링그린 징크테카 트러블 세럼,,0
구달,청귤 비타C 잡티케어 세럼,구달 청귤 비타C 잡티케어 세럼,,0
메디큐브,PDRN 핑크 앰플 리필기획,메디큐브 PDRN 핑크 앰플 리필기획,,0
토리든,다이브인 저분자 히알루론산 세럼 한정기획,토리든 다이브인 저분자 히알루론산 세럼 한정기획,,0
아누아,피디알엔 히알루론산 캡슐 세럼 기획세트,아누아 피디알엔 히알루론산 캡슐 세럼 기획세트,,0
차앤박,프로폴리스 에너지 액티브 앰플 리필기획,차앤박 프로폴리스 에너지 액티브 앰플 리필기획,,0
파티온,노스카나인 트러블 세럼,파티온 노스카나인 트러블 세럼,,0
토리든,다이브인 저분자 히알루론산 세럼,토리든 다이브인 저분자 히알루론산 세럼,,0
차앤박,더마앤서 PDRN 앰플,차앤박 더마앤서 PDRN 앰플,피피지-17,1
에스네이처,아쿠아 스쿠알란 세럼,에스네이처 아쿠아 스쿠알란 세럼,,0
파티온,노스카나인 트러블 세럼,파티온 노스카나인 트러블 세럼,,0
VT,리들샷 에센스,VT 리들샷 에센스,,0
피지오겔,사이언수티컬즈 데일리뮨 앰플 세럼 2입기획,피지오겔 사이언수티컬즈 데일리뮨 앰플 세럼 2입기획,,0
아비브,어성초 테카 캡슐 세럼 카밍드롭,아비브 어성초 테카 캡슐 세럼 카밍드롭,,0
메디큐브,제로 원데이 세럼 더블기획,메디큐브 제로 원데이 세럼 더블기획,,0
한율,어린쑥 속수분 쑥히알 세럼,한율 어린쑥 속수분 쑥히알 세럼,,0
토리든,다이브인 저분자 히알루론산 세럼,토리든 다이브인 저분자 히알루론산 세럼,,0
리쥬란,힐러 턴오버 앰플 듀얼 이펙트 한정기획,리쥬란 힐러 턴오버 앰플 듀얼 이펙트 한정기획,,0
퍼셀,20억/mL 픽셀바이옴 원액,퍼셀 20억/mL 픽셀바이옴 원액,,0
셀리맥스,더 리얼 노니 에너지 앰플,셀리맥스 더 리얼 노니 에너지 앰플,,0
아누아,TXA 나이아신 세럼,아누아 TXA 나이아신 세럼,,0
성분에디터,실크펩타이드 EGF 하트핏 볼륨 리프팅 앰플 더블기획,성분에디터 실크펩타이드 EGF 하트핏 볼륨 리프팅 앰플 더블기획,폴릭애씨드,1
파넬,시카마누 92세럼 더블기획,파넬 시카마누 92세럼 더블기획,,0
프리메라,비타티놀 바운시 리프트 세럼,프리메라 비타티놀 바운시 리프트 세럼,,0
비긴스,바이 정샘물 핑크 구아바 글루타치온 세럼,비긴스 바이 정샘물 핑크 구아바 글루타치온 세럼,,0
디오디너리,나이아신아마이드 %,디오디너리 나이아신아마이드 %,,0
넘버즈인,3번 보들보들 결 세럼 리필기획,넘버즈인 3번 보들보들 결 세럼 리필기획,,0
VT,리들샷 에센스,VT 리들샷 에센스,,0
에스트라,에이시카365 흔적진정세럼 pH4.,에스트라 에이시카365 흔적진정세럼 pH4.,,0
토리든,밸런스풀 시카 컨트롤 세럼,토리든 밸런스풀 시카 컨트롤 세럼,,0
아이오페,레티놀 슈퍼 바운스 세럼 한정기획,아이오페 레티놀 슈퍼 바운스 세럼 한정기획,,0
아이소이,브라이트닝 잡티세럼,아이소이 브라이트닝 잡티세럼,,0
아벤느,이드랑스 에센스-인-로션 2입기획,아벤느 이드랑스 에센스-인-로션 2입기획,,0
성분에디터,그린토마토 NMN 포어 리프팅 앰플 더블기획,성분에디터 그린토마토 NMN 포어 리프팅 앰플 더블기획,,0
라운드랩,소나무 시카 앰플,라운드랩 소나무 시카 앰플,,0
메디힐,PDRN 세럼,메디힐 PDRN 세럼,,0
빌리프,슈퍼드랍스 멀티7 히알루론세럼,빌리프 슈퍼드랍스 멀티7 히알루론세럼,,0
라로슈포제,히알루B5 세럼,라로슈포제 히알루B5 세럼,,0
VT,피디알엔 에센스,VT 피디알엔 에센스,,0
셀라딕스,트러블 세범 리밸런싱 RX 앰플,셀라딕스 트러블 세범 리밸런싱 RX 앰플,,0
아누아,어성초 앰플,아누아 어성초 앰플,,0
아벤느,시칼파트,아벤느 시칼파트,,0
한율,보들은행잎 모공핏 세럼,한율 보들은행잎 모공핏 세럼,,0
라로슈포제,에빠끌라 듀오,라로슈포제 에빠끌라 듀오,,0
디오디너리,나이아신아마이드 %,디오디너리 나이아신아마이드 %,,0
넘버즈인,5번 글루타치온C 앰플,넘버즈인 5번 글루타치온C 앰플,,0
라로슈포제,시카플라스트 리페어 에센스,라로슈포제 시카플라스트 리페어 에센스,,0
더마토리,히알샷 베리어 B5 앰플 리필기획,더마토리 히알샷 베리어 B5 앰플 리필기획,,0
아이소이,브라이트닝 잡티세럼 *,아이소이 브라이트닝 잡티세럼 *,,0
아누아,복숭아 나이아신아마이드 세럼,아누아 복숭아 나이아신아마이드 세럼,,0
넘버즈인,1번 판토텐산 액티브업 수딩세럼 리필기획,넘버즈인 1번 판토텐산 액티브업 수딩세럼 리필기획,,0
디마르3,앰플 증정기획,디마르3 앰플 증정기획,,0
에스트라,아토베리어365 하이드로에센스,에스트라 아토베리어365 하이드로에센스,,0
바이오더마,하이드라비오 세럼,바이오더마 하이드라비오 세럼,,0
클레어스,블루 EGF 앰플,클레어스 블루 EGF 앰플,,0
넘버즈인,1번 판토텐산 스킨케어100 블러파우더,넘버즈인 1번 판토텐산 스킨케어100 블러파우더,,0
토리든,다이브인 저분자 히알루론산 세럼 리필기획,토리든 다이브인 저분자 히알루론산 세럼 리필기획,,0
코스알엑스,더 펩타이드 스킨 부스터 세럼,코스알엑스 더 펩타이드 스킨 부스터 세럼,,0
리쥬란,더마 힐러 포어 타이트닝 앰플 한정수량,리쥬란 더마 힐러 포어 타이트닝 앰플 한정수량,,0
아벤느,HAB3 액티브 안티에이징 세럼,아벤느 HAB3 액티브 안티에이징 세럼,,0
마녀공장,비피다 바이옴 콤플렉스 앰플,마녀공장 비피다 바이옴 콤플렉스 앰플,,0
클레어스,미드나잇 블루 유스 액티베이팅 드롭,클레어스 미드나잇 블루 유스 액티베이팅 드롭,,0
쏘내추럴,올 데이 페이스 프렙 픽서,쏘내추럴 올 데이 페이스 프렙 픽서,,0
비플레인,시카테롤 앰플,비플레인 시카테롤 앰플,,0
센텔리안24,마데카 멜라 캡처 앰플 맥스,센텔리안24 마데카 멜라 캡처 앰플 맥스,,0
유세린,하이알루론 부스팅 에센스,유세린 하이알루론 부스팅 에센스,,0
웰라쥬,원데이키트 3종 택1,웰라쥬 원데이키트 3종 택1,,0
닥터자르트,컨트롤에이 티트리먼트 수딩 스팟,닥터자르트 컨트롤에이 티트리먼트 수딩 스팟,,0
이니스프리,비타민C 캡슐 세럼,이니스프리 비타민C 캡슐 세럼,,0
앰플엔,세라마이드샷 보습장벽앰플 100ml기획,앰플엔 세라마이드샷 보습장벽앰플 100ml기획,,0
이니스프리,비타민C 캡슐 세럼,이니스프리 비타민C 캡슐 세럼,,0
차앤박,프로폴리스 트리트먼트 앰플 에센스,차앤박 프로폴리스 트리트먼트 앰플 에센스,피피지-17,1
코스알엑스,어드밴스드 더 비타민C 세럼,코스알엑스 어드밴스드 더 비타민C 세럼,,0
닥터지,레드블레미쉬 클리어 수딩 액티브 에센스,닥터지 레드블레미쉬 클리어 수딩 액티브 에센스,,0
오어스,히알루론시카 7초 세럼 인 앰플,오어스 히알루론시카 7초 세럼 인 앰플,,0
아이오페,레티놀 레티젝션 세럼,아이오페 레티놀 레티젝션 세럼,,0
마미케어,바다포도 모공앰플,마미케어 바다포도 모공앰플,,0
아이소이,아크니닥터 1st 스피디 스팟,아이소이 아크니닥터 1st 스피디 스팟,,0
닥터지,에이클리어 스팟 포 페이스 세럼 기획세트,닥터지 에이클리어 스팟 포 페이스 세럼 기획세트,,0
스킨1004,마다가스카르 센텔라 앰플,스킨1004 마다가스카르 센텔라 앰플,,0
대웅제약,이지듀 기미잡티앰플,대웅제약 이지듀 기미잡티앰플,,0
VT,리들샷 에센스,VT 리들샷 에센스,,0
리쥬란,턴오버 앰플 듀얼 이펙트 단독기획,리쥬란 턴오버 앰플 듀얼 이펙트 단독기획,,0
달바,비타 토닝 캡슐 세럼,달바 비타 토닝 캡슐 세럼,,0
코스알엑스,더 나이아신아마이드 세럼,코스알엑스 더 나이아신아마이드 세럼,,0
앰플엔,블레미샷 잡티앰플,앰플엔 블레미샷 잡티앰플,,0
아렌시아,젤리세럼 레드 스무디 세럼,아렌시아 젤리세럼 레드 스무디 세럼,,0
메디힐,비타민씨 브라이트닝 세럼,메디힐 비타민씨 브라이트닝 세럼,,0
스킨앤랩,베리어덤 링거 앰플70ml 더블기획,스킨앤랩 베리어덤 링거 앰플70ml 더블기획,,0
디오디너리,레티놀 .% 인 스쿠알란,디오디너리 레티놀 .% 인 스쿠알란,,0
라로슈포제,멜라B3 세럼,라로슈포제 멜라B3 세럼,피피지-16,1
피지오겔,사이언수티컬즈 데일리뮨 앰플 세럼,피지오겔 사이언수티컬즈 데일리뮨 앰플 세럼,,0
닥터지,레드 블레미쉬 클리어 히알 시카 수딩 세럼 2종,닥터지 레드 블레미쉬 클리어 히알 시카 수딩 세럼 2종,,0
마몽드,카밍 샷 아줄렌 앰플,마몽드 카밍 샷 아줄렌 앰플,,0
라운드랩,소나무 시카 앰플,라운드랩 소나무 시카 앰플,,0
유세린,하이알루론 에피셀린 세럼,유세린 하이알루론 에피셀린 세럼,,0
빛클,오로라 글로우 그립 프라이머 프렙,빛클 오로라 글로우 그립 프라이머 프렙,,0
메디큐브,제로 원데이 엑소좀샷 모공앰플,메디큐브 제로 원데이 엑소좀샷 모공앰플,,0
디오디너리,레티놀 .% 인 스쿠알란,디오디너리 레티놀 .% 인 스쿠알란,,0
아비브,글루타치온좀 세럼 비타 드롭,아비브 글루타치온좀 세럼 비타 드롭,,0
더마팩토리,나이아신아마이드 % 세럼,더마팩토리 나이아신아마이드 % 세럼,,0
에스트라,리제덤365 모공탄력 캡슐세럼,에스트라 리제덤365 모공탄력 캡슐세럼,,0
메디힐,마데카소사이드 리페어 세럼,메디힐 마데카소사이드 리페어 세럼,,0
NEW,빌리프 슈퍼 드랍스 비타C토닝세럼,NEW 빌리프 슈퍼 드랍스 비타C토닝세럼,,0
바이오던스,포어 퍼펙팅 콜라겐 펩타이드 세럼,바이오던스 포어 퍼펙팅 콜라겐 펩타이드 세럼,,0
바이오힐,보 프로바이오덤 콜라겐 리모델링 세럼,바이오힐 보 프로바이오덤 콜라겐 리모델링 세럼,,0
아이소이,아크니닥터 1st 컨트롤 세럼,아이소이 아크니닥터 1st 컨트롤 세럼,,0
코스알엑스,더 - 알부틴 세럼,코스알엑스 더 - 알부틴 세럼,,0
파티온,노스카나인 트러블 세럼,파티온 노스카나인 트러블 세럼,,0
아이오페,PDRN 카페인 샷,아이오페 PDRN 카페인 샷,,0
파티온,노스카나인 트러블 모공탄력 세럼,파티온 노스카나인 트러블 모공탄력 세럼,,0
나인위시스,하이드라 앰플 나노 플러스,나인위시스 하이드라 앰플 나노 플러스,,0
리덴스,톤앤스팟 코렉터 앰플 더블기획,리덴스 톤앤스팟 코렉터 앰플 더블기획,,0
SVR,하이드라 B3 앰플,SVR 하이드라 B3 앰플,,0
비플레인,녹두 타이트업 세럼,비플레인 녹두 타이트업 세럼,,0
아이오페,XMD 스템3 클리니컬 리커버리 세럼,아이오페 XMD 스템3 클리니컬 리커버리 세럼,,0
바이오더마,하이드라비오 히알루,바이오더마 하이드라비오 히알루,,0
넘버즈인,6번 푹잠 마스크팩 세럼,넘버즈인 6번 푹잠 마스크팩 세럼,,0
바이오힐보,NAD 프리즈셀 글로우 파워 세럼,바이오힐보 NAD 프리즈셀 글로우 파워 세럼,,0
디마프,히어로 마이 퍼스트 세럼 a.k.a 만능기초,디마프 히어로 마이 퍼스트 세럼 a.k.a 만능기초,,0
닥터자르트,시카페어 인텐시브 수딩 리페어 세럼,닥터자르트 시카페어 인텐시브 수딩 리페어 세럼,,0
아누아,피디알엔 히알루론산 캡슐 세럼 *,아누아 피디알엔 히알루론산 캡슐 세럼 *,,0
필킨X약손명가,포어솔루션 래디언스 세럼,필킨X약손명가 포어솔루션 래디언스 세럼,,0
성분에디터,그린토마토 NMN 포어 리프팅 앰플,성분에디터 그린토마토 NMN 포어 리프팅 앰플,,0
폴라초이스,% 나이아신아마이드 부스터 앰플,폴라초이스 % 나이아신아마이드 부스터 앰플,,0
바이오힐,보 프로바이오덤 콜라겐 리모델링 세럼,바이오힐 보 프로바이오덤 콜라겐 리모델링 세럼,,0
메디힐,PDRN 세럼,메디힐 PDRN 세럼,,0
차앤박,더마앤서 핑크토닝 딥인샷 PDRN앰플,차앤박 더마앤서 핑크토닝 딥인샷 PDRN앰플,,0
아벤느,HAB3 액티브 안티에이징 세럼,아벤느 HAB3 액티브 안티에이징 세럼,,0
비레디,시카페인 트러블리셋 세럼,비레디 시카페인 트러블리셋 세럼,,0
[유분잡는,한율 쑥히알 세럼,[유분잡는 한율 쑥히알 세럼,,0
VT,리들샷 에센스,VT 리들샷 에센스,,0
쏘내추럴,올 데이 페이스 프렙 픽서,쏘내추럴 올 데이 페이스 프렙 픽서,,0
퍼셀,초유 포어 디펜스 앰플 미스트,퍼셀 초유 포어 디펜스 앰플 미스트,,0
라로슈포제,에빠끌라 울트라 컨센트레이티드 세럼,라로슈포제 에빠끌라 울트라 컨센트레이티드 세럼,,0
코스메쉐프,백당고 막걸리 백옥빛 기미앰플 30ml_백당고앰플,코스메쉐프 백당고 막걸리 백옥빛 기미앰플 30ml_백당고앰플,,0
설화수,윤조에센스,설화수 윤조에센스,,0
바이오힐,보 판테셀 리페어 시카좀 앰플,바이오힐 보 판테셀 리페어 시카좀 앰플,,0
잇츠스킨,닥터세이버스 세럼 5종 택1,잇츠스킨 닥터세이버스 세럼 5종 택1,,0
센텔리안24,마데카 멜라 캡처 앰플 맥스 스페셜,센텔리안24 마데카 멜라 캡처 앰플 맥스 스페셜,,0
반코르,바쿠치올 세럼 비사보롤,반코르 바쿠치올 세럼 비사보롤,,0
피지오겔,사이언수티컬즈 디멜라나이저 토닝 앰플 세럼,피지오겔 사이언수티컬즈 디멜라나이저 토닝 앰플 세럼,,0
라로슈포제,순수 비타민 C12 세럼,라로슈포제 순수 비타민 C12 세럼,피피지-16,1
이즈앤트리,초저분자 히아루론산 세럼,이즈앤트리 초저분자 히아루론산 세럼,,0
[1+1]크리니크,크리니크 프레쉬 프레스드 데일리 부스터 위드 퓨어 비타민 C %,[1+1]크리니크 크리니크 프레쉬 프레스드 데일리 부스터 위드 퓨어 비타민 C %,,0
리쥬란,힐러 턴오버 앰플 듀얼 이펙트,리쥬란 힐러 턴오버 앰플 듀얼 이펙트,,0
넘버즈인,9번 엔엠엔 바이오 리프팅 원액에센스,넘버즈인 9번 엔엠엔 바이오 리프팅 원액에센스,히스티딘,1
스킨푸드,로열허니 프로폴리스 인리치 에센스 리필기획,스킨푸드 로열허니 프로폴리스 인리치 에센스 리필기획,,0
LBB,골드렐라 펩타이드 안티 멜라닌 에센스,LBB 골드렐라 펩타이드 안티 멜라닌 에센스,,0
[NEW]메디큐브,메디큐브 에이지알 PDRN 부스터젤,[NEW]메디큐브 메디큐브 에이지알 PDRN 부스터젤,,0
라운드랩,자작나무 앰플,라운드랩 자작나무 앰플,,0
구달,청귤 비타C 잡티케어 세럼,구달 청귤 비타C 잡티케어 세럼,,0
아임프롬,머그워트 에센스150ml,아임프롬 머그워트 에센스150ml,,0
아벤느,클리낭스 A.H.A 세럼,아벤느 클리낭스 A.H.A 세럼,,0
바이오힐,보 프로바이오덤 3D 리프팅 앰플,바이오힐 보 프로바이오덤 3D 리프팅 앰플,,0
라돌프,퓨어파지 앰플 RX,라돌프 퓨어파지 앰플 RX,,0
로벡틴,비타 다크 스팟 세럼,로벡틴 비타 다크 스팟 세럼,,0
이니스프리,그린티 밀크 보습 에센스,이니스프리 그린티 밀크 보습 에센스,,0
웰라쥬,리얼 시카 카밍 트러블 앰플,웰라쥬 리얼 시카 카밍 트러블 앰플,,0
메디큐브,연어 PDRN 핑크 앰플,메디큐브 연어 PDRN 핑크 앰플,,0
더랩바이블랑두,올리고 히알루론산 딥 글로우 세럼,더랩바이블랑두 올리고 히알루론산 딥 글로우 세럼,,0
닥터자르트,바이탈 하이드라 솔루션 하이드로 플럼프 트리트먼트 에센스,닥터자르트 바이탈 하이드라 솔루션 하이드로 플럼프 트리트먼트 에센스,,0
메디힐,티트리 앰플,메디힐 티트리 앰플,,0
리쥬란,더마 힐러 모이스처 트리트먼트 앰플,리쥬란 더마 힐러 모이스처 트리트먼트 앰플,,0
토리든,셀메이징 저분자 콜라겐 앰플,토리든 셀메이징 저분자 콜라겐 앰플,,0
에스트라,아토베리어365 세라-히알 속수분 앰플,에스트라 아토베리어365 세라-히알 속수분 앰플,,0
코스알엑스,풀핏 프로폴리스 라이트 앰플,코스알엑스 풀핏 프로폴리스 라이트 앰플,,0
퍼셀,20억/mL 픽셀바이옴 원액,퍼셀 20억/mL 픽셀바이옴 원액,,0
센텔리안24,마데카 분말 티트리 에이씨,센텔리안24 마데카 분말 티트리 에이씨,,0
메디힐,비타민씨 브라이트닝 세럼,메디힐 비타민씨 브라이트닝 세럼,,0
넘버즈인,5번 글루타치온C 앰플,넘버즈인 5번 글루타치온C 앰플,,0
라운드랩,약콩 판테놀 앰플,라운드랩 약콩 판테놀 앰플,,0
디오디너리,레티놀 % 인 스쿠알란,디오디너리 레티놀 % 인 스쿠알란,,0
아이오페,바이오 컨디셔닝 에센스,아이오페 바이오 컨디셔닝 에센스,,0
조선미녀,광채프로폴리스세럼,조선미녀 광채프로폴리스세럼,,0
이즈앤트리,어니언 뉴페어 B5 앰플,이즈앤트리 어니언 뉴페어 B5 앰플,,0
더,에센셜 바이 아리얼 히알루로닉 세럼,더 에센셜 바이 아리얼 히알루로닉 세럼,,0
리쥬란,힐러 트리플 래디언스 앰플,리쥬란 힐러 트리플 래디언스 앰플,,0
바버,24Days 홀리데이 앰플 캘린더,바버 24Days 홀리데이 앰플 캘린더,,0
에스네이처,아쿠아 스쿠알란 세럼,에스네이처 아쿠아 스쿠알란 세럼,,0
차앤박(CNP),차앤박 프로폴리스 액티브 앰플 더블기획,차앤박(CNP) 차앤박 프로폴리스 액티브 앰플 더블기획,,0
라로슈포제,에빠끌라 세럼,라로슈포제 에빠끌라 세럼,,0
앰플엔,아크네샷 앰플,앰플엔 아크네샷 앰플,,0
퍼셀,880억/mL 글루타치온 플렉서블 리포좀,퍼셀 880억/mL 글루타치온 플렉서블 리포좀,,0
[쏙보습,크리니크 모이스춰 써지 액티브 글로우 세럼 /단품,[쏙보습 크리니크 모이스춰 써지 액티브 글로우 세럼 /단품,피이지-10,1
퍼셀,20억/mL 픽셀바이옴 원액,퍼셀 20억/mL 픽셀바이옴 원액,,0
라운드랩,비타 나이아신 세럼,라운드랩 비타 나이아신 세럼,,0
키엘,울트라 퓨어 세럼 3종,키엘 울트라 퓨어 세럼 3종,,0
숨37,시크릿 에센스,숨37 시크릿 에센스,,0
메디톡스,뉴라덤 코어타임 앰플,메디톡스 뉴라덤 코어타임 앰플,,0
프리메라,오가니언스 워터리 에센스 리필기획,프리메라 오가니언스 워터리 에센스 리필기획,,0
디오디너리,히알루로닉 애시드 %,디오디너리 히알루로닉 애시드 %,,0
AXIS-Y,잡티케어 글로우 세럼,AXIS-Y 잡티케어 글로우 세럼,,0
넘버즈인,3번 보들보들 결 세럼,넘버즈인 3번 보들보들 결 세럼,,0
스킨1004,마다가스카르 센텔라 프로바이오시카 인리치 크림,스킨1004 마다가스카르 센텔라 프로바이오시카 인리치 크림,,0
유세린,하이알루론 3X 컨센트레이트 *,유세린 하이알루론 3X 컨센트레이트 *,,0
수페,버치 리치 오리진 앰플,수페 버치 리치 오리진 앰플,,0
닥터디퍼런트,씨이큐 안티옥시던트 세럼,닥터디퍼런트 씨이큐 안티옥시던트 세럼,,0
빌리프,슈퍼드랍스 펩타이드 퍼밍 세럼 /단품,빌리프 슈퍼드랍스 펩타이드 퍼밍 세럼 /단품,,0
믹순,콩 에센스,믹순 콩 에센스,락토바실러스,1
아누아,피디알엔 히알루론산 캡슐 세럼,아누아 피디알엔 히알루론산 캡슐 세럼,,0
한율,빨간쌀 에센스 150ml기획,한율 빨간쌀 에센스 150ml기획,,0
메디필,히알루론산 레이어 물톡스 앰플,메디필 히알루론산 레이어 물톡스 앰플,,0
파티온,노스카나인 트러블 앰플,파티온 노스카나인 트러블 앰플,,0
스킨1004,마다가스카르 센텔라 프로바이오시카 인텐시브 앰플,스킨1004 마다가스카르 센텔라 프로바이오시카 인텐시브 앰플,,0
아이소이,인텐시브 에너자이징 크림EX,아이소이 인텐시브 에너자이징 크림EX,,0
리얼베리어,익스트림 크림 앰플,리얼베리어 익스트림 크림 앰플,,0
한율,달빛유자C 세럼,한율 달빛유자C 세럼,,0
클리어디어,뮤신 콜라겐 볼류밍 크림 앰플,클리어디어 뮤신 콜라겐 볼류밍 크림 앰플,,0
에스트라,아토베리어365 세라-히알 속수분 앰플,에스트라 아토베리어365 세라-히알 속수분 앰플,,0
에스트라,아토베리어365 하이드로 에센스,에스트라 아토베리어365 하이드로 에센스,,0
주미소,디판테놀 베리어 장벽세럼,주미소 디판테놀 베리어 장벽세럼,,0
이지듀,DW-EGF 비타민C 부스팅 앰플25,이지듀 DW-EGF 비타민C 부스팅 앰플25,,0
라네즈,워터뱅크 블루히알루로닉 세럼,라네즈 워터뱅크 블루히알루로닉 세럼,,0
피지오겔,레드수딩 AI 리페어 에센스,피지오겔 레드수딩 AI 리페어 에센스,,0
메디힐,저분자 히알루론산 밀도 세럼,메디힐 저분자 히알루론산 밀도 세럼,,0
앰플엔,펩타이드샷 2X 모공탄력앰플,앰플엔 펩타이드샷 2X 모공탄력앰플,,0
파넬,아하 오미자 도자기 워시오프 세럼,파넬 아하 오미자 도자기 워시오프 세럼,,0
더말로지카,서큘라 하이드레이션 세럼,더말로지카 서큘라 하이드레이션 세럼,,0
웰라쥬,원데이키트 3종 택1,웰라쥬 원데이키트 3종 택1,,0
나인위시스,하이드라 앰플 나노 플러스,나인위시스 하이드라 앰플 나노 플러스,,0
비욘드,엔젤티트리올 %트러블 앰플,비욘드 엔젤티트리올 %트러블 앰플,,0
디오디너리,히알루로닉 애시드 %,디오디너리 히알루로닉 애시드 %,,0
리쥬란,더마 힐러 트리트먼트 에센스,리쥬란 더마 힐러 트리트먼트 에센스,,0
도미나스,앳클리닉 트라넥삼산 스팟 샷 기미잡티 앰플,도미나스 앳클리닉 트라넥삼산 스팟 샷 기미잡티 앰플,,0
이지듀,스킨부스터 샷 앰플 4종,이지듀 스킨부스터 샷 앰플 4종,,0
마미케어,오쏘타민 비타민C 앰플,마미케어 오쏘타민 비타민C 앰플,,0
연작,전초 컨센트레이트,연작 전초 컨센트레이트,,0
클리어디어,미나리 젤 세럼,클리어디어 미나리 젤 세럼,,0
조선미녀,인삼스네일세럼,조선미녀 인삼스네일세럼,,0
유리아쥬,글로우업 오 에센스,유리아쥬 글로우업 오 에센스,,0
메이크프렘,히알 인테카 속수분 앰플,메이크프렘 히알 인테카 속수분 앰플,,0
아이소이,포어 타이트닝 컨트롤 세럼,아이소이 포어 타이트닝 컨트롤 세럼,,0
조선미녀,쌀겨수맑은세럼,조선미녀 쌀겨수맑은세럼,,0
디오디너리,매트릭실 %,디오디너리 매트릭실 %,,0
유세린,이븐래디언스 듀오 앰플,유세린 이븐래디언스 듀오 앰플,,0
더마팩토리,PDRN % 앰플,더마팩토리 PDRN % 앰플,,0
로벡틴,아쿠아 에센스 리필기획,로벡틴 아쿠아 에센스 리필기획,,0
디오디너리,그랜액티브 레티노이드 % 인 스쿠알란,디오디너리 그랜액티브 레티노이드 % 인 스쿠알란,,0
바이오더마,하이드라비오 세럼 더블기획,바이오더마 하이드라비오 세럼 더블기획,,0
이니스프리,레티놀 시카 앰플,이니스프리 레티놀 시카 앰플,,0
숨37,시크릿 에센스,숨37 시크릿 에센스,,0
닥터자르트,프리쥬비네이션 퍼밍 바쿠치올 세럼,닥터자르트 프리쥬비네이션 퍼밍 바쿠치올 세럼,,0
닥터자르트,프리쥬비네이션 퍼밍 바쿠치올 세럼 증량기획,닥터자르트 프리쥬비네이션 퍼밍 바쿠치올 세럼 증량기획,,0
메디필,히알루론산 레이어 물톡스 앰플,메디필 히알루론산 레이어 물톡스 앰플,,0
미구하라,울트라 화이트닝 퍼펙트 앰플,미구하라 울트라 화이트닝 퍼펙트 앰플,,0
비욘드,엔젤아쿠아 워터 에센스 인 로션,비욘드 엔젤아쿠아 워터 에센스 인 로션,,0
파티온,노스카나인 트러블 모공탄력 세럼,파티온 노스카나인 트러블 모공탄력 세럼,,0
구달,청귤 비타C 케어 앰플,구달 청귤 비타C 케어 앰플,,0
코스알엑스,어드밴스드 더 비타민C 세럼,코스알엑스 어드밴스드 더 비타민C 세럼,,0
VT,리들샷 에센스,VT 리들샷 에센스,,0
아비브,어성초 테카 캡슐 세럼 카밍 드롭,아비브 어성초 테카 캡슐 세럼 카밍 드롭,,0
풀리,레몬 비타 버블 세럼,풀리 레몬 비타 버블 세럼,,0
퍼셀,픽셀바이옴 글로우 배리어 세럼,퍼셀 픽셀바이옴 글로우 배리어 세럼,,0
메디힐,콜라겐 볼륨 세럼,메디힐 콜라겐 볼륨 세럼,,0
NEW,라로슈포제 시카플라스트 리페어 에센스,NEW 라로슈포제 시카플라스트 리페어 에센스,,0
엠도씨,화이트닝 톤업 크림,엠도씨 화이트닝 톤업 크림,,0
넘버즈인,3번 보들보들 결 세럼,넘버즈인 3번 보들보들 결 세럼,,0
셀퓨전씨,포스트 쿨링 스킨 부스터 세럼,셀퓨전씨 포스트 쿨링 스킨 부스터 세럼,,0
차앤박,더마앤서 핑크토닝 딥인샷 앰플,차앤박 더마앤서 핑크토닝 딥인샷 앰플,,0
테라로직,레티날 주름탄력 앰플,테라로직 레티날 주름탄력 앰플,,0
아이소이,모이스춰 닥터 장수진 수분앰플 한정기획,아이소이 모이스춰 닥터 장수진 수분앰플 한정기획,,0
LBB,골드렐라 펩타이드 안티 멜라닌 에센스,LBB 골드렐라 펩타이드 안티 멜라닌 에센스,,0
퓨어그램,오리진 부스터샷 /300앰플 *,퓨어그램 오리진 부스터샷 /300앰플 *,,0
VT,리들샷 에센스,VT 리들샷 에센스,,0
디오디너리,레티날 .% 에멀전,디오디너리 레티날 .% 에멀전,,0
에르쯔틴,리제너레이티브 실트 앰플,에르쯔틴 리제너레이티브 실트 앰플,,0
오드로이,레티놀 .03퍼센트 피어니 앰플 필리디,오드로이 레티놀 .03퍼센트 피어니 앰플 필리디,,0
아렌시아,홀리 히솝 세럼,아렌시아 홀리 히솝 세럼,,0
메디큐브,제로 원데이 세럼,메디큐브 제로 원데이 세럼,,0
닥터지,바쿠치올 포어젯 세럼,닥터지 바쿠치올 포어젯 세럼,,0
에스테덤,셀룰러 워터 에센스,에스테덤 셀룰러 워터 에센스,,0
더마펌,수딩 리페어 토닝 세럼 R4,더마펌 수딩 리페어 토닝 세럼 R4,,0
코스알엑스,어드벤스드 스네일 뮤신 파워 에센스,코스알엑스 어드벤스드 스네일 뮤신 파워 에센스,,0
차앤박,뮤제너 피토 수딩 앰플,차앤박 뮤제너 피토 수딩 앰플,,0
닥터지,레드 블레미쉬 클리어 히알 시카 수딩 세럼,닥터지 레드 블레미쉬 클리어 히알 시카 수딩 세럼,,0
이니스프리,레티놀 그린티 PDRN 스킨부스터 앰플,이니스프리 레티놀 그린티 PDRN 스킨부스터 앰플,,0
셀인샷,트라넥 글루타샷 세럼,셀인샷 트라넥 글루타샷 세럼,,0
비건이펙트,청보리 징크 세럼,비건이펙트 청보리 징크 세럼,,0
일소,모링가 타이트닝 포어 세럼,일소 모링가 타이트닝 포어 세럼,피피지-17,1
토리든,셀메이징 비타C 브라이트닝 앰플,토리든 셀메이징 비타C 브라이트닝 앰플,,0
비긴스,바이 정샘물 포어 퍼펙팅 세럼,비긴스 바이 정샘물 포어 퍼펙팅 세럼,,0
DR다룸,릴리프 앰플,DR다룸 릴리프 앰플,,0
CKD,레티노콜라겐 저분자 괄사 리프팅 세럼,CKD 레티노콜라겐 저분자 괄사 리프팅 세럼,,0
바이오힐,보 히알셀 하이드라 세럼,바이오힐 보 히알셀 하이드라 세럼,,0
이지듀,클리어 B3,이지듀 클리어 B3,,0
VT,비타-라이트 리들샷 에센스,VT 비타-라이트 리들샷 에센스,,0
스킨푸드,캐롯 카로틴 모이스트 이펙터 리필기획,스킨푸드 캐롯 카로틴 모이스트 이펙터 리필기획,,0
SVR,안티 오엑스 C 앰플,SVR 안티 오엑스 C 앰플,,0
프리메라,오가니언스 씨드 펩타이드 세럼,프리메라 오가니언스 씨드 펩타이드 세럼,,0
라네즈,바운시&펌 세럼,라네즈 바운시&펌 세럼,,0
아이소이,브라이트닝 잡티세럼 더블세트,아이소이 브라이트닝 잡티세럼 더블세트,,0
유세린,울트라센시티브 리페어 세럼,유세린 울트라센시티브 리페어 세럼,,0
나노레시피,"바쿠치올 ,000ppm 앰플","나노레시피 바쿠치올 ,000ppm 앰플",부틸렌글라이콜,1
브이앤에이뷰티,안티옥시던트 래디언스 미스트100mL 더블기획,브이앤에이뷰티 안티옥시던트 래디언스 미스트100mL 더블기획,,0
메이크프렘,히알 인테카 속수분 앰플,메이크프렘 히알 인테카 속수분 앰플,,0
아벤느,HAB3 액티브 안티에이징 세럼 /단품,아벤느 HAB3 액티브 안티에이징 세럼 /단품,,0
에스트라,에이시카365 흔적진정세럼 pH4.,에스트라 에이시카365 흔적진정세럼 pH4.,,0
오드로이,75퍼센트 시카 앰플 로프디,오드로이 75퍼센트 시카 앰플 로프디,,0
에스트라,아토베리어365 세라-히알 속수분 앰플,에스트라 아토베리어365 세라-히알 속수분 앰플,,0
아떼,포어셀 프로그래밍 앰플 듀오,아떼 포어셀 프로그래밍 앰플 듀오,,0
믹순,갈락토미세스 발효 에센스,믹순 갈락토미세스 발효 에센스,갈락토미세스발효여과물,1
주미소,안티옥시던트 글로우 수분광채 에센스,주미소 안티옥시던트 글로우 수분광채 에센스,,0
아로셀,보툴케어 앰플,아로셀 보툴케어 앰플,,0
메디톡스,뉴라덤 코어타임 앰플,메디톡스 뉴라덤 코어타임 앰플,,0
이니스프리,그린티 씨드 히알루론산 세럼,이니스프리 그린티 씨드 히알루론산 세럼,,0
디오디너리,알부틴 %,디오디너리 알부틴 %,,0
더페이스샵,올티밋 비타민 고함량 멀티 비타 % 세럼,더페이스샵 올티밋 비타민 고함량 멀티 비타 % 세럼,,0
프리메라,하이드로 에센스150ml,프리메라 하이드로 에센스150ml,,0
디오디너리,멀티-펩타이드,디오디너리 멀티-펩타이드,,0
제로이드,인텐시브 하이드레이팅 앰플,제로이드 인텐시브 하이드레이팅 앰플,,0
대웅제약,이지듀 기미잡티앰플,대웅제약 이지듀 기미잡티앰플,,0
피지오겔,레드수딩 시카밸런스 포어컨트롤 세럼,피지오겔 레드수딩 시카밸런스 포어컨트롤 세럼,,0
닥터지,블랙스네일 레티놀 앰플 증정기획,닥터지 블랙스네일 레티놀 앰플 증정기획,,0
조선미녀,산들녹차세럼,조선미녀 산들녹차세럼,,0
헤브블루,살몬 PDRN 케어링 센텔라 앰플,헤브블루 살몬 PDRN 케어링 센텔라 앰플,,0
바이오힐,보 비타시너지 기미잡티 토닝 세럼,바이오힐 보 비타시너지 기미잡티 토닝 세럼,,0
차앤박,더마앤서 핑크토닝 딥인샷 앰플,차앤박 더마앤서 핑크토닝 딥인샷 앰플,,0
파티온,노스카나인 트러블 세럼,파티온 노스카나인 트러블 세럼,,0
바이오힐,보 프로바이오덤 콜라겐 리모델링 부스터샷 프로그램,바이오힐 보 프로바이오덤 콜라겐 리모델링 부스터샷 프로그램,,0
리쥬란,더마 힐러 포어 타이트닝 앰플,리쥬란 더마 힐러 포어 타이트닝 앰플,,0
바이오던스,스킨 글로우 바이탈 앰플,바이오던스 스킨 글로우 바이탈 앰플,,0
웰라쥬,하이퍼 펩타이드 보툴리들 앰플,웰라쥬 하이퍼 펩타이드 보툴리들 앰플,,0
아이소이,브라이트닝 토닉 에센스,아이소이 브라이트닝 토닉 에센스,,0
딕셔니스트,아미노산 앰플,딕셔니스트 아미노산 앰플,,0
디오디너리,GF % 솔루션,디오디너리 GF % 솔루션,,0
닥터엘시아,비타민C 부스팅 세럼,닥터엘시아 비타민C 부스팅 세럼,,0
미샤,텔레토비 비타씨플러스 잡티씨 앰플 키링,미샤 텔레토비 비타씨플러스 잡티씨 앰플 키링,,0
미샤,텔레토비 비폴렌 리뉴 앰풀러 키링,미샤 텔레토비 비폴렌 리뉴 앰풀러 키링,,0
밀리밀리,메디 앰플 비타,밀리밀리 메디 앰플 비타,,0
아이소이,브라이트닝 잡티세럼,아이소이 브라이트닝 잡티세럼,,0
리얼베리어,워터리 히알 세럼,리얼베리어 워터리 히알 세럼,,0
메디힐,티트리 세럼,메디힐 티트리 세럼,,0
브링그린,슈퍼레몬글루타치온속살세럼,브링그린 슈퍼레몬글루타치온속살세럼,,0
셀리맥스,브라이트닝 모공잡티 세럼,셀리맥스 브라이트닝 모공잡티 세럼,,0
센텔리안24,부스팅 샷 젤,센텔리안24 부스팅 샷 젤,,0
나인위시스,하이드라 크림 앰플,나인위시스 하이드라 크림 앰플,,0
[NEW]메디큐브,메디큐브 PDRN 핑크 원데이 세럼,[NEW]메디큐브 메디큐브 PDRN 핑크 원데이 세럼,,0
아누아,어성초 앰플,아누아 어성초 앰플,,0
센텔리안24,마데카 마이크로 스타톡 세럼,센텔리안24 마데카 마이크로 스타톡 세럼,,0
메디큐브,레드 세럼 .,메디큐브 레드 세럼 .,,0
원진이펙트,멜라리스 앰플,원진이펙트 멜라리스 앰플,,0
로벡틴,시카케어 클리어링 앰플,로벡틴 시카케어 클리어링 앰플,,0
메디힐,티트리 앰플,메디힐 티트리 앰플,,0
구달,피그애씨드 펩타이드 스킨부스터샷 에센스,구달 피그애씨드 펩타이드 스킨부스터샷 에센스,,0
아임프롬,머그워트 에센스,아임프롬 머그워트 에센스,,0
디퍼,히알루론산 히알큐브 세콜지 세럼,디퍼 히알루론산 히알큐브 세콜지 세럼,,0
비욘드,엔젤 티트리올 % 트러블 앰플,비욘드 엔젤 티트리올 % 트러블 앰플,,0
시드물,알로에 에센셜 지성용,시드물 알로에 에센셜 지성용,,0
더랩바이블랑두,엑스퍼트루 모공탄력 세럼,더랩바이블랑두 엑스퍼트루 모공탄력 세럼,,0
넘버즈인,2번 로즈 PDRN 콜라겐 플럼핑 세럼,넘버즈인 2번 로즈 PDRN 콜라겐 플럼핑 세럼,,0
코스알엑스,더 히알루론산 세럼,코스알엑스 더 히알루론산 세럼,,0
코스알엑스,더 - 알부틴 세럼,코스알엑스 더 - 알부틴 세럼,,0
스킨앤랩,베리어덤 링거 앰플70ml,스킨앤랩 베리어덤 링거 앰플70ml,,0
디오디너리,알부틴 %,디오디너리 알부틴 %,,0
라로슈포제,에빠끌라 AI,라로슈포제 에빠끌라 AI,메틸메타크릴레이트,1
원씽,병풀 세럼,원씽 병풀 세럼,,0
싸이닉,더 심플 릴리프 수분크림,싸이닉 더 심플 릴리프 수분크림,,0
에스네이처,아쿠아 스쿠알란 세럼 리필팩,에스네이처 아쿠아 스쿠알란 세럼 리필팩,,0
나노레시피,비타민 C 리포좀 앰플,나노레시피 비타민 C 리포좀 앰플,,0
프랭클리,클로저 세럼,프랭클리 클로저 세럼,,0
아크네스,모이스처 크림,아크네스 모이스처 크림,,0
휘게,내추럴 리페어 세럼,휘게 내추럴 리페어 세럼,,0
아크네스,스팟 클리어 크림 패치,아크네스 스팟 클리어 크림 패치,,0
시드물,알로에 에센셜 중건성용,시드물 알로에 에센셜 중건성용,,0
VT,리들샷 에센스,VT 리들샷 에센스,,0
더마팩토리,리얼베라 모공세럼,더마팩토리 리얼베라 모공세럼,,0
퓨어그램,저분자 하이드라 히알루론산 세럼,퓨어그램 저분자 하이드라 히알루론산 세럼,,0
바이오더마,하이드라비오 세럼,바이오더마 하이드라비오 세럼,,0
엠도씨,워터드롭 스킨 에센스,엠도씨 워터드롭 스킨 에센스,,0
크리니크,포 맨 맥시멈 하이드레이터 액티베이티드 워터-젤 컨센트레이트,크리니크 포 맨 맥시멈 하이드레이터 액티베이티드 워터-젤 컨센트레이트,,0
달팡,하이드라스킨 세럼,달팡 하이드라스킨 세럼,,0
마녀공장,갈락토미 나이아신 투명광채 에센스,마녀공장 갈락토미 나이아신 투명광채 에센스,,0
셀비엔,갈락토미세스 앰플97,셀비엔 갈락토미세스 앰플97,,0
아벤느,이드랑스 에센스-인-로션,아벤느 이드랑스 에센스-인-로션,,0
마녀공장,비피다 바이옴 콤플렉스 앰플,마녀공장 비피다 바이옴 콤플렉스 앰플,,0
비오템,라이프 플랑크톤 세럼,비오템 라이프 플랑크톤 세럼,,0
스킨푸드,로열허니 프로폴리스 인리치 에센스,스킨푸드 로열허니 프로폴리스 인리치 에센스,,0
디오디너리,아미노 애씨즈,디오디너리 아미노 애씨즈,,0
디오디너리,만델릭 애시드 %,디오디너리 만델릭 애시드 %,,0
디오디너리,마린 히알루로닉스,디오디너리 마린 히알루로닉스,,0
디오디너리,아지렐린 솔루션 %,디오디너리 아지렐린 솔루션 %,,0
디오디너리,아스코빌 글루코사이드 솔루션 %,디오디너리 아스코빌 글루코사이드 솔루션 %,,0
디오디너리,아스코빌 테트라이소팔미테이트 솔루션 % 인 비타민 F,디오디너리 아스코빌 테트라이소팔미테이트 솔루션 % 인 비타민 F,,0
DR다룸,아크10 스팟 젤,DR다룸 아크10 스팟 젤,,0
폴라초이스,클리니컬 나이아신아마이드 % 트리트먼트,폴라초이스 클리니컬 나이아신아마이드 % 트리트먼트,,0
폴라초이스,% 나이아신아마이드 부스터 앰플,폴라초이스 % 나이아신아마이드 부스터 앰플,,0
폴라초이스,스킨 퍼펙팅 % 아하 젤 각질제거제,폴라초이스 스킨 퍼펙팅 % 아하 젤 각질제거제,,0
애즈이즈투비,마린 콜라겐 세럼,애즈이즈투비 마린 콜라겐 세럼,,0
아크웰,리얼 아쿠아 밸런싱 앰플,아크웰 리얼 아쿠아 밸런싱 앰플,,0
에스티,로더 어드밴스드 나이트 리페어 갈색병 세럼,에스티 로더 어드밴스드 나이트 리페어 갈색병 세럼,,0
닥터디퍼런트,시카 메탈 세럼,닥터디퍼런트 시카 메탈 세럼,,0
디오디너리,레스베라트롤 %,디오디너리 레스베라트롤 %,,0
차앤박(CNP),차앤박 히알루로닉 더마텐션 세럼 더블용량,차앤박(CNP) 차앤박 히알루로닉 더마텐션 세럼 더블용량,,0
아이소이,인텐시브 리프팅 세럼,아이소이 인텐시브 리프팅 세럼,,0
닥터자르트,포어레미디 파하 익스폴리에이팅 세럼,닥터자르트 포어레미디 파하 익스폴리에이팅 세럼,,0
아이소이,모이스춰닥터 장수진 수분앰플,아이소이 모이스춰닥터 장수진 수분앰플,,0
앰플엔,센텔카밍샷 시카진정앰플,앰플엔 센텔카밍샷 시카진정앰플,,0
달팡,인트랄 액티브 스태빌라이징 로션,달팡 인트랄 액티브 스태빌라이징 로션,,0
폴라초이스,리지스트 인텐시브 레티놀 세럼,폴라초이스 리지스트 인텐시브 레티놀 세럼,,0
제이엠솔루션,릴리프 약산성 약쑥 앰플,제이엠솔루션 릴리프 약산성 약쑥 앰플,,0
닥터자르트,포어레미디 파하 익스폴리에이팅 세럼,닥터자르트 포어레미디 파하 익스폴리에이팅 세럼,,0
AHC,에이치 멜라루트 앰플 스페셜,AHC 에이치 멜라루트 앰플 스페셜,,0
스킨푸드,미나리 스매싱 파우더,스킨푸드 미나리 스매싱 파우더,,0
닥터디퍼런트,비타아크날 TX 캡슐세럼,닥터디퍼런트 비타아크날 TX 캡슐세럼,,0
헤이네이처,어성초 앰플,헤이네이처 어성초 앰플,,0
수이스킨,하얀 자작나무 수액 앰플,수이스킨 하얀 자작나무 수액 앰플,,0
잇츠스킨,파워 포뮬라 엘아이 이펙터 감초줄렌,잇츠스킨 파워 포뮬라 엘아이 이펙터 감초줄렌,,0
잇츠스킨,파워 포뮬라 브이씨 이펙터 잡티케어,잇츠스킨 파워 포뮬라 브이씨 이펙터 잡티케어,,0
잇츠스킨,파워 포뮬라 피오 이펙터 모공루팡,잇츠스킨 파워 포뮬라 피오 이펙터 모공루팡,,0
믹순,순디 병풀 에센스,믹순 순디 병풀 에센스,,0
믹순,콩 에센스,믹순 콩 에센스,락토바실러스,1
믹순,비피다 발효 에센스,믹순 비피다 발효 에센스,,0
빌리프,뉴메로 에센스,빌리프 뉴메로 에센스,,0
달바,레이어 리바이탈라이징 세럼,달바 레이어 리바이탈라이징 세럼,,0
차앤박(CNP),차앤박 프로폴리스 트리트먼트 앰플 에센스,차앤박(CNP) 차앤박 프로폴리스 트리트먼트 앰플 에센스,피피지-17,1
닥터디퍼런트,씨이큐 안티옥시던트 세럼 2종 택1,닥터디퍼런트 씨이큐 안티옥시던트 세럼 2종 택1,,0
포르맨즈,톤업 올인원 에센스,포르맨즈 톤업 올인원 에센스,,0
마리엔메이,나이아신아마이드,마리엔메이 나이아신아마이드,,0
마리엔메이,이데베논,마리엔메이 이데베논,,0
비플레인,시카테롤 앰플,비플레인 시카테롤 앰플,,0
더마펌,바이오 코렉션 앰플 세라-드롭 M4,더마펌 바이오 코렉션 앰플 세라-드롭 M4,,0
더파이,시카알란 퍼스트 에센스,더파이 시카알란 퍼스트 에센스,,0
아누아,자작나무 부스팅 세럼,아누아 자작나무 부스팅 세럼,,0
리쥬란,힐러 턴오버 앰플 듀얼 이펙트,리쥬란 힐러 턴오버 앰플 듀얼 이펙트,,0
달팡,인트랄 이너유쓰 레스큐 세럼,달팡 인트랄 이너유쓰 레스큐 세럼,,0
CKD,레티노콜라겐 저분자 콜라겐 펌핑 앰플,CKD 레티노콜라겐 저분자 콜라겐 펌핑 앰플,,0
앰플엔,블레미샷 잡티앰플,앰플엔 블레미샷 잡티앰플,,0
미구하라,울트라 화이트닝 퍼스트 에센스 오리진,미구하라 울트라 화이트닝 퍼스트 에센스 오리진,,0
랩시리즈,데일리 레스큐 리페어 세럼,랩시리즈 데일리 레스큐 리페어 세럼,,0
넘버즈인,5번 이별 세럼,넘버즈인 5번 이별 세럼,,0
피캄,포시카 앰플,피캄 포시카 앰플,,0
스킨앤랩,베리어덤 밀키 세럼,스킨앤랩 베리어덤 밀키 세럼,,0
미샤,타임 레볼루션 나이트리페어 앰플 5X 기획세트,미샤 타임 레볼루션 나이트리페어 앰플 5X 기획세트,,0
비건이펙트,청보리 수딩 토너,비건이펙트 청보리 수딩 토너,,0
울트라브이,이데베논 프레스티지 앰플,울트라브이 이데베논 프레스티지 앰플,,0
루트리,오디베리 5중 리파이닝 앰플,루트리 오디베리 5중 리파이닝 앰플,,0
수페,버치 리치 오리진 에센스,수페 버치 리치 오리진 에센스,,0
오브제,올인원 에센스,오브제 올인원 에센스,,0
디오디너리,멀티-펩타이드,디오디너리 멀티-펩타이드,,0
피부미,센텔루션 히알루로닉 앰플,피부미 센텔루션 히알루로닉 앰플,,0
토리든,솔리드인 세라마이드 올데이 에센스,토리든 솔리드인 세라마이드 올데이 에센스,,0
잇츠스킨,파워 포뮬라 엘아이 이펙터 감초줄렌,잇츠스킨 파워 포뮬라 엘아이 이펙터 감초줄렌,,0
리쥬란,더마힐러 모이스처 트리트먼트 앰플,리쥬란 더마힐러 모이스처 트리트먼트 앰플,,0
리쥬란,더마 힐러 모이스처 트리트먼트 에센스,리쥬란 더마 힐러 모이스처 트리트먼트 에센스,,0
시드물,비피다 바이옴 앰플,시드물 비피다 바이옴 앰플,,0
시드물,스킨소스 D-판테놀 앰플12ml,시드물 스킨소스 D-판테놀 앰플12ml,,0
시드물,진한 어성초 시카 에센셜,시드물 진한 어성초 시카 에센셜,,0
시드물,레티놀 리페어 앰플,시드물 레티놀 리페어 앰플,,0
클라뷰,리얼 비건 저분자 콜라겐 앰플,클라뷰 리얼 비건 저분자 콜라겐 앰플,,0
에스티,로더 마이크로 에센스 트리트먼트 로션,에스티 로더 마이크로 에센스 트리트먼트 로션,,0
에스티,로더 마이크로 에센스 트리트먼트 로션 프레시,에스티 로더 마이크로 에센스 트리트먼트 로션 프레시,,0
헤라,옴므 파워부스팅 페이스 트리트먼트,헤라 옴므 파워부스팅 페이스 트리트먼트,,0
센텔리안24,마데카 데일리 리페어 앰플,센텔리안24 마데카 데일리 리페어 앰플,,0
라운드랩,소나무 시카 앰플,라운드랩 소나무 시카 앰플,,0
숨37,마이크로 액티브 리페어 세럼,숨37 마이크로 액티브 리페어 세럼,,0
마녀공장,갈락토미 나이아신 투명광채 에센스,마녀공장 갈락토미 나이아신 투명광채 에센스,,0
스킨푸드,도토리 앰플,스킨푸드 도토리 앰플,,0
눅스,슈퍼 세럼,눅스 슈퍼 세럼,,0
에필로우,차가버섯 비피다 바이옴 매끈결 앰플,에필로우 차가버섯 비피다 바이옴 매끈결 앰플,쌀발효여과물,1
디오디너리,알로에 %,디오디너리 알로에 %,,0
바이오더마,센시비오 디펜시브 세럼,바이오더마 센시비오 디펜시브 세럼,,0
빌리프,뉴메로 에센스,빌리프 뉴메로 에센스,,0
셀퓨전씨,토닝 C 잡티세럼,셀퓨전씨 토닝 C 잡티세럼,,0
에스트라,테라크네365 액티브 세럼,에스트라 테라크네365 액티브 세럼,,0
아이오페,맨 바이오 컨디셔닝 에센스,아이오페 맨 바이오 컨디셔닝 에센스,,0
스킨푸드,캐롯 카로틴 모이스트 이펙터,스킨푸드 캐롯 카로틴 모이스트 이펙터,,0
배드스킨,콜라겐 밤 하이드레이팅 앰플,배드스킨 콜라겐 밤 하이드레이팅 앰플,,0
원씽,포맨 올인원 에센스,원씽 포맨 올인원 에센스,,0
더랩바이블랑두,올리고 히알루론산 부스팅 앰플,더랩바이블랑두 올리고 히알루론산 부스팅 앰플,,0
오휘,미라클 토닝 글로우 세럼,오휘 미라클 토닝 글로우 세럼,,0
닥터오라클,레티노타이트닝 비타민A 레티놀 앰플,닥터오라클 레티노타이트닝 비타민A 레티놀 앰플,,0
톤28,프로폴리스 세럼,톤28 프로폴리스 세럼,,0
더랩바이블랑두,엑스퍼트루 잡티케어 세럼,더랩바이블랑두 엑스퍼트루 잡티케어 세럼,,0
블리브유,더 리얼 비타 C 앰플,블리브유 더 리얼 비타 C 앰플,,0
디오디너리,멀티-펩타이드,디오디너리 멀티-펩타이드,,0
빌리프,뉴메로 에센스,빌리프 뉴메로 에센스,,0
바이오더마,센시비오 디펜시브 세럼,바이오더마 센시비오 디펜시브 세럼,,0
디마르3,시그니처 에스투드 프로텍터 앰플,디마르3 시그니처 에스투드 프로텍터 앰플,,0
후시다인,더마 트러블 밸런싱 세럼,후시다인 더마 트러블 밸런싱 세럼,,0
파티온,노스카나인 트러블 흔적앰플,파티온 노스카나인 트러블 흔적앰플,,0
이니스프리,블랙티 유스 인핸싱 앰플,이니스프리 블랙티 유스 인핸싱 앰플,,0
피지오겔,사이언수티컬즈 데일리뮨 글로우 에센스,피지오겔 사이언수티컬즈 데일리뮨 글로우 에센스,,0
피지오겔,사이언수티컬즈 데일리뮨 클래리파잉 에센스,피지오겔 사이언수티컬즈 데일리뮨 클래리파잉 에센스,,0
피캄,레티놀라겐 모공탄력 앰플,피캄 레티놀라겐 모공탄력 앰플,,0
어퓨,마데카소사이드 테트라좀시카 앰플,어퓨 마데카소사이드 테트라좀시카 앰플,,0
센텔리안24,엑스퍼트 마데카 멜라 캡처 앰플 맥스,센텔리안24 엑스퍼트 마데카 멜라 캡처 앰플 맥스,,0
비오템옴므,포스 수프림 필 에센스,비오템옴므 포스 수프림 필 에센스,,0
어바웃미,숲 세럼,어바웃미 숲 세럼,,0
아비브,부활초 비피다 세럼 퍼밍 드롭,아비브 부활초 비피다 세럼 퍼밍 드롭,,0
디마르3,에트셀 멜라토닉 앰플,디마르3 에트셀 멜라토닉 앰플,,0
비욘드,엔젤아쿠아 수분가득진정앰플 더블기획,비욘드 엔젤아쿠아 수분가득진정앰플 더블기획,,0
SNP,골드 콜라겐 엑스퍼트 앰플,SNP 골드 콜라겐 엑스퍼트 앰플,,0
리터뉴,포어슈터 앰플,리터뉴 포어슈터 앰플,,0
헤이네이처,어성초 앰플,헤이네이처 어성초 앰플,,0
닥터멜락신,아쿠아 이온 플라즈마 앰플,닥터멜락신 아쿠아 이온 플라즈마 앰플,,0
닥터멜락신,비피 포어 앰플,닥터멜락신 비피 포어 앰플,,0
아비브,부활초 비피다 세럼 퍼밍 드롭,아비브 부활초 비피다 세럼 퍼밍 드롭,,0
비레디,시카페인 트러블 리셋 세럼,비레디 시카페인 트러블 리셋 세럼,,0
테라로직,피토세라 프로 안티옥시던트 10X 탄력앰플,테라로직 피토세라 프로 안티옥시던트 10X 탄력앰플,,0
테라로직,레티놀 안티링클3D 앰플,테라로직 레티놀 안티링클3D 앰플,,0
오휘,프라임AD 디에이징 앰플세럼,오휘 프라임AD 디에이징 앰플세럼,,0
메이크프렘,엔드포어 베지티놀 모공세럼,메이크프렘 엔드포어 베지티놀 모공세럼,,0
로우퀘스트,베리어 인핸싱 토너 투 에센스,로우퀘스트 베리어 인핸싱 토너 투 에센스,,0
플라스킨,발효콩 바운스 단백질 에센스,플라스킨 발효콩 바운스 단백질 에센스,,0
VT,마일드 리들샷 에센스,VT 마일드 리들샷 에센스,,0
VT,리들샷 에센스,VT 리들샷 에센스,,0
닥터하우쉬카,세럼,닥터하우쉬카 세럼,,0
토리든,셀메이징 비타C 브라이트닝 앰플,토리든 셀메이징 비타C 브라이트닝 앰플,,0
무슈제이,레티놀로지 데일리 리페어 택,무슈제이 레티놀로지 데일리 리페어 택,,0
라로슈포제,에빠끌라 듀오,라로슈포제 에빠끌라 듀오,,0
아떼,비타 EGF 흔적엔딩 세럼,아떼 비타 EGF 흔적엔딩 세럼,,0
차앤박(CNP),차앤박 더마앤서 텐션 앵글핏 레티놀앰플,차앤박(CNP) 차앤박 더마앤서 텐션 앵글핏 레티놀앰플,,0
차앤박(CNP),차앤박 더마앤서 안티포어 액티브 필 AHA앰플,차앤박(CNP) 차앤박 더마앤서 안티포어 액티브 필 AHA앰플,,0
로우퀘스트,에키네시아 카밍 모이스처 앰플,로우퀘스트 에키네시아 카밍 모이스처 앰플,,0
구달,어성초 히알루론 수딩 앰플,구달 어성초 히알루론 수딩 앰플,,0
톡스앤필,아이 앤 페이스세럼30ml,톡스앤필 아이 앤 페이스세럼30ml,,0
그린핑거,포레스트 피톤 수분시카 세럼,그린핑거 포레스트 피톤 수분시카 세럼,,0
VT,산삼 PDRN 에센스,VT 산삼 PDRN 에센스,,0
빌리프,슈퍼드랍스 글로우 세럼,빌리프 슈퍼드랍스 글로우 세럼,피이지-10,1
메디앤서,비타 콜라겐 로직 앰플,메디앤서 비타 콜라겐 로직 앰플,,0
VT,레티-에이 리들샷 에센스,VT 레티-에이 리들샷 에센스,,0
달팡,인트랄 수딩 앤 포티파잉 인텐시브 세럼,달팡 인트랄 수딩 앤 포티파잉 인텐시브 세럼,,0
피지오겔,사이언수티컬즈 데일리뮨 앰플 세럼,피지오겔 사이언수티컬즈 데일리뮨 앰플 세럼,,0
아로마티카,글로우 비타 씨 토닝 세럼 오렌지 앤 네롤리,아로마티카 글로우 비타 씨 토닝 세럼 오렌지 앤 네롤리,,0
도미나스,앳클리닉 레티놀 넥 샷 목주름 세럼,도미나스 앳클리닉 레티놀 넥 샷 목주름 세럼,,0
리쥬란,바이옴 힐러 유스포뮬러 앰플 30ml기획,리쥬란 바이옴 힐러 유스포뮬러 앰플 30ml기획,,0
차앤박(CNP),차앤박 더마앤서 멜라스팟 브라이트닝 비타C앰플,차앤박(CNP) 차앤박 더마앤서 멜라스팟 브라이트닝 비타C앰플,,0
닥터지,RTX 인투 세럼 비타민샷,닥터지 RTX 인투 세럼 비타민샷,,0
닥터지,RTX 인투세럼 펩티샷,닥터지 RTX 인투세럼 펩티샷,,0
닥터지,RTX 인투세럼 히알샷,닥터지 RTX 인투세럼 히알샷,,0
다슈,보이 파란 수분초 세럼,다슈 보이 파란 수분초 세럼,,0
멜린앤게츠,리플래니싱 페이스 세럼,멜린앤게츠 리플래니싱 페이스 세럼,,0
AHC,프로 샷 히알루로 딥 볼륨 인트라 세럼,AHC 프로 샷 히알루로 딥 볼륨 인트라 세럼,,0
AHC,프로 샷 콜라 쥬비네이션 리프팅 세럼,AHC 프로 샷 콜라 쥬비네이션 리프팅 세럼,,0
더후,로얄레지나 에너제틱 리페어 세럼,더후 로얄레지나 에너제틱 리페어 세럼,,0
더후,비첩 자생 에센스,더후 비첩 자생 에센스,"폴릭애씨드,판토테닉애씨드,피리독신,리보플라빈",4
더후,비첩 자생 에센스 디스커버리,더후 비첩 자생 에센스 디스커버리,"폴릭애씨드,판토테닉애씨드,피리독신,리보플라빈",4
설화수,윤조에센스,설화수 윤조에센스,,0
AHC,프로샷 글루타 브라이트 인트라 세럼,AHC 프로샷 글루타 브라이트 인트라 세럼,,0
브이앤에이뷰티,안티옥시던트 래디언스 미스트,브이앤에이뷰티 안티옥시던트 래디언스 미스트,,0
숨37,시크릿 에센스,숨37 시크릿 에센스,,0
AHC,콜라 쥬비네이션 리프트4 트리트먼트 에센스,AHC 콜라 쥬비네이션 리프트4 트리트먼트 에센스,,0
에스티로더,갈색병,에스티로더 갈색병,,0
이즈앤트리,어니언 뉴페어 부스터 샷,이즈앤트리 어니언 뉴페어 부스터 샷,,0
비욘드,엔젤아쿠아 비타 C % 앰플,비욘드 엔젤아쿠아 비타 C % 앰플,,0
더바디샵,티트리 스킨 클리어링 데일리 솔루션,더바디샵 티트리 스킨 클리어링 데일리 솔루션,,0
에스테덤,비타민C2 앰플,에스테덤 비타민C2 앰플,,0
에스테덤,비타민C2 앰플,에스테덤 비타민C2 앰플,,0
제나벨,PDRN 비타 토닝 앰플,제나벨 PDRN 비타 토닝 앰플,,0
듀이트리,AC 딥 앰플,듀이트리 AC 딥 앰플,,0
엠도씨,스킨 포어 타이트너 이엑스,엠도씨 스킨 포어 타이트너 이엑스,,0
에딧비,톤결 피치 나이아신아마이드 글루타치온 겔 에센스,에딧비 톤결 피치 나이아신아마이드 글루타치온 겔 에센스,,0
에딧비,장벽 팡 히알루론산 판테놀 앰플,에딧비 장벽 팡 히알루론산 판테놀 앰플,,0
에딧비,톡 시카 어성초 겔 에센스,에딧비 톡 시카 어성초 겔 에센스,,0
토리든,셀메이징 비타C 브라이트닝 앰플,토리든 셀메이징 비타C 브라이트닝 앰플,,0
아이다,레티놀 캡슐 딥 모이스처 앰플,아이다 레티놀 캡슐 딥 모이스처 앰플,,0
메디힐,마데카소사이드 리페어 스피큘 세럼,메디힐 마데카소사이드 리페어 스피큘 세럼,,0
후시다인,더마 포어 4D 콜라겐 세럼,후시다인 더마 포어 4D 콜라겐 세럼,,0
아누아,TXA 나이아신 세럼,아누아 TXA 나이아신 세럼,,0
바이오던스,하이드로 세라놀 앰플,바이오던스 하이드로 세라놀 앰플,,0
우노,스킨 세럼 모이스처,우노 스킨 세럼 모이스처,,0
도미나스,앳클리닉 아르기닌E 아이 샷 세럼,도미나스 앳클리닉 아르기닌E 아이 샷 세럼,,0
믹순,두유 세럼,믹순 두유 세럼,,0
VT,티엑스토닝 에센스 2000샷,VT 티엑스토닝 에센스 2000샷,,0
아렌시아,홀리 히솝 세럼,아렌시아 홀리 히솝 세럼,,0
VT,티엑스토닝 에센스 1000샷 /단품,VT 티엑스토닝 에센스 1000샷 /단품,,0
퍼셀,익스트림 이펙트 터피네올,퍼셀 익스트림 이펙트 터피네올,4-터피네올,1
퍼셀,픽셀바이옴 부스터샷 파우더,퍼셀 픽셀바이옴 부스터샷 파우더,,0
피토메르,올리고포스 세럼 이드라땅 어드밴스드,피토메르 올리고포스 세럼 이드라땅 어드밴스드,,0
로벡틴,비타 다크 스팟 세럼,로벡틴 비타 다크 스팟 세럼,,0
폴라초이스,클리니컬 나이아신아마이드 % 트리트먼트,폴라초이스 클리니컬 나이아신아마이드 % 트리트먼트,,0
닥터지,RTX 인투세럼 비타민샷 2주 프로그램,닥터지 RTX 인투세럼 비타민샷 2주 프로그램,,0
바이오힐,보 프로바이오덤 콜라겐 리모델링 딥샷 세럼,바이오힐 보 프로바이오덤 콜라겐 리모델링 딥샷 세럼,,0
더페이스샵,올티밋 판테놀 % 세럼,더페이스샵 올티밋 판테놀 % 세럼,,0
[식물성뮤신],더페이스샵 올티밋 비건 뮤신 펩타이드8 세럼,[식물성뮤신] 더페이스샵 올티밋 비건 뮤신 펩타이드8 세럼,,0
비플레인,녹두 타이트업 세럼,비플레인 녹두 타이트업 세럼,,0
아누아,복숭아 나이아신아마이드 세럼,아누아 복숭아 나이아신아마이드 세럼,,0
빌리프,슈퍼드랍스 멀티- 히알루론 프로즌 세럼 X / X,빌리프 슈퍼드랍스 멀티- 히알루론 프로즌 세럼 X / X,,0
설화수,맨 본윤에센스,설화수 맨 본윤에센스,피피지-17,1
아비노,트리플 오트 세럼,아비노 트리플 오트 세럼,,0
NDP,베베바이옴 생기탄력 세럼,NDP 베베바이옴 생기탄력 세럼,,0
피지오겔,사이언수티컬즈 디멜라나이저 토닝 앰플 세럼,피지오겔 사이언수티컬즈 디멜라나이저 토닝 앰플 세럼,,0
LBB,인텐시브 수딩 앰플,LBB 인텐시브 수딩 앰플,,0
에스테덤,에이지 프로테옴 세럼,에스테덤 에이지 프로테옴 세럼,,0
LBB,인텐시브 케어 인 세럼,LBB 인텐시브 케어 인 세럼,,0
차앤박,더마앤서 텐션 앵글핏 레티놀앰플,차앤박 더마앤서 텐션 앵글핏 레티놀앰플,,0
차앤박,더마앤서 안티포어 액티브필 AHA앰플,차앤박 더마앤서 안티포어 액티브필 AHA앰플,,0
퍼셀,880억/mL 글루타치온 플렉서블 리포좀,퍼셀 880억/mL 글루타치온 플렉서블 리포좀,,0
퍼셀,% 하이-도즈 펩타이드 포뮬라,퍼셀 % 하이-도즈 펩타이드 포뮬라,,0
이지듀,스킨부스터 엠티에스 앰플,이지듀 스킨부스터 엠티에스 앰플,,0
스킨푸드,블루 캐모마일 히알루로닉 앰플,스킨푸드 블루 캐모마일 히알루로닉 앰플,,0
오드로이,카르노신 리프팅 세럼 로프디,오드로이 카르노신 리프팅 세럼 로프디,,0
오드로이,76퍼센트 캑터스 세럼 로프디,오드로이 76퍼센트 캑터스 세럼 로프디,,0
오드로이,74퍼센트 블랙빈 앰플 로프디,오드로이 74퍼센트 블랙빈 앰플 로프디,,0
더마펌,수딩 리페어 세럼 R4,더마펌 수딩 리페어 세럼 R4,,0
더마라인,디렉소 PDRN 솔루션 살몬 앰플,더마라인 디렉소 PDRN 솔루션 살몬 앰플,,0
반코르,닥터 스쿠알란 속보습 앰플,반코르 닥터 스쿠알란 속보습 앰플,,0
반코르,닥터 라디아타 잡티세럼 로토,반코르 닥터 라디아타 잡티세럼 로토,,0
아렌시아,레드 스무디 세럼,아렌시아 레드 스무디 세럼,,0
아렌시아,라이스 뮤신 글로우 세럼,아렌시아 라이스 뮤신 글로우 세럼,,0
성분에디터,그린토마토 포어 부스팅 딥샷 앰플,성분에디터 그린토마토 포어 부스팅 딥샷 앰플,,0
연작,카밍 앤 컴포팅 에멀전,연작 카밍 앤 컴포팅 에멀전,,0
연작,카밍 앤 컴포팅 앰플,연작 카밍 앤 컴포팅 앰플,,0
케어놀로지,리블루 리제너레이팅 세럼,케어놀로지 리블루 리제너레이팅 세럼,,0
넘버즈인,9번 NMN BIO 리프팅 원액 에센스,넘버즈인 9번 NMN BIO 리프팅 원액 에센스,,0
키엘,클리어리 코렉티브 다크 스팟 솔루션,키엘 클리어리 코렉티브 다크 스팟 솔루션,,0
키엘,클리어리 코렉티브 리-텍스처라이징 트리플 애씨드 필,키엘 클리어리 코렉티브 리-텍스처라이징 트리플 애씨드 필,,0
키엘,파워풀 스트렝스 라인 리듀싱 콘센트레이트,키엘 파워풀 스트렝스 라인 리듀싱 콘센트레이트,,0
키엘,울트라 퓨어 세럼 .% 히알루로닉애씨드,키엘 울트라 퓨어 세럼 .% 히알루로닉애씨드,,0
키엘,울트라 퓨어 세럼 .% 나이아신아마이드,키엘 울트라 퓨어 세럼 .% 나이아신아마이드,,0
라운드랩,동백 딥 콜라겐 앰플,라운드랩 동백 딥 콜라겐 앰플,,0
유리아쥬,시카 데일리 인텐스 리페어 세럼,유리아쥬 시카 데일리 인텐스 리페어 세럼,,0
휩드,머그트리 비건 카밍 시럽 앰플,휩드 머그트리 비건 카밍 시럽 앰플,,0
휩드,유자몽 비건 비타 시럽 앰플,휩드 유자몽 비건 비타 시럽 앰플,,0
앰플엔,인탱글샷 콜라겐 앰플,앰플엔 인탱글샷 콜라겐 앰플,,0
앰플엔,히알루론샷 앰플,앰플엔 히알루론샷 앰플,,0
프랭클리,클로저 세럼,프랭클리 클로저 세럼,,0
이지듀,클리어 SOS 트러블 스팟,이지듀 클리어 SOS 트러블 스팟,,0
바이오힐,보 프로바이오덤 3D 리프팅 크림 에센스,바이오힐 보 프로바이오덤 3D 리프팅 크림 에센스,,0
바버,앰플 컨센트레이트 하이드라 플러스 *,바버 앰플 컨센트레이트 하이드라 플러스 *,,0
바버,앰플 컨센트레이트 멀티 비타민 *,바버 앰플 컨센트레이트 멀티 비타민 *,,0
바버,앰플 컨센트레이트 콜라겐 부스터 *,바버 앰플 컨센트레이트 콜라겐 부스터 *,,0
바버,앰플 컨센트레이트 액티브 퓨리파이어 *,바버 앰플 컨센트레이트 액티브 퓨리파이어 *,,0
그라운드플랜,에센스 콤팩트,그라운드플랜 에센스 콤팩트,,0
그라운드플랜,앰플,그라운드플랜 앰플,,0
바버,앰플 컨센트레이트 알개 바이탈라이저 *,바버 앰플 컨센트레이트 알개 바이탈라이저 *,,0
바버,앰플 컨센트레이트 SOS 카밍 *,바버 앰플 컨센트레이트 SOS 카밍 *,,0
스킨푸드,블랙슈가 퍼펙트 첫세럼 더 에센셜,스킨푸드 블랙슈가 퍼펙트 첫세럼 더 에센셜,,0
아로셀,슈퍼샷 콜트라 앰플 3X,아로셀 슈퍼샷 콜트라 앰플 3X,,0
믹순,마스터 세럼,믹순 마스터 세럼,,0
더마토리,히알샷 배리어 앰플 비5,더마토리 히알샷 배리어 앰플 비5,,0
아이디플라코스메틱,엑소브이 플러스 앰플,아이디플라코스메틱 엑소브이 플러스 앰플,,0
허스텔러,리틀 드롭스 카밍 데이즈 앰플,허스텔러 리틀 드롭스 카밍 데이즈 앰플,,0
셀로라바이,4GF 더마 리페어 하이드로 세럼,셀로라바이 4GF 더마 리페어 하이드로 세럼,,0
셀로라바이,포텐션 리무버 세럼,셀로라바이 포텐션 리무버 세럼,,0
아렌시아,레드 스무디 세럼,아렌시아 레드 스무디 세럼,,0
라로슈포제,에빠끌라 세럼,라로슈포제 에빠끌라 세럼,,0
리얼베리어,레티니올 타이트닝 세럼,리얼베리어 레티니올 타이트닝 세럼,,0
셀올로지,블루 이레이저 세럼,셀올로지 블루 이레이저 세럼,,0
SVR,리프팅 A 앰플,SVR 리프팅 A 앰플,,0
네오젠,리얼 나이아신아마이드 % 세럼 슈야토야,네오젠 리얼 나이아신아마이드 % 세럼 슈야토야,,0
아비브,글루타치온좀 세럼 비타 드롭,아비브 글루타치온좀 세럼 비타 드롭,,0
미샤,텔레토비 타임레볼루션 나이트리페어 앰플 5X 키링,미샤 텔레토비 타임레볼루션 나이트리페어 앰플 5X 키링,,0
셀퓨전씨,토닝C 비타 샷 앰플 더블기획,셀퓨전씨 토닝C 비타 샷 앰플 더블기획,,0
도미나스,앳클리닉 보르피린 링클 샷 앰플,도미나스 앳클리닉 보르피린 링클 샷 앰플,피피지-20,1
리얼베리어,PDRN 리페어 세럼,리얼베리어 PDRN 리페어 세럼,,0
리얼베리어,펩티 비타씨 세럼,리얼베리어 펩티 비타씨 세럼,,0
네오젠,비타 스팟 토닝 세럼,네오젠 비타 스팟 토닝 세럼,,0
디오디너리,멀티-액티브 딜리버리 에센스,디오디너리 멀티-액티브 딜리버리 에센스,,0
리쥬란,더마 힐러 포어 타이트닝 앰플,리쥬란 더마 힐러 포어 타이트닝 앰플,,0
바이오더마,세비엄 세럼,바이오더마 세비엄 세럼,,0
아임프롬,애프리콧 다크스팟 드롭 앰플,아임프롬 애프리콧 다크스팟 드롭 앰플,,0
아누아,피디알엔 히알루론산 캡슐 세럼,아누아 피디알엔 히알루론산 캡슐 세럼,,0
스튜디오17,워터부스트 히알루론 수분세럼,스튜디오17 워터부스트 히알루론 수분세럼,,0
스튜디오17,워터부스트 히알루론 수분앰플,스튜디오17 워터부스트 히알루론 수분앰플,,0
에스테덤,인텐시브 프로-콜라겐,에스테덤 인텐시브 프로-콜라겐,,0
아이오페,비타민C 엑스퍼트 % 항산화 토닝 앰플,아이오페 비타민C 엑스퍼트 % 항산화 토닝 앰플,,0
아벤느,이드랑스 부스트 세럼,아벤느 이드랑스 부스트 세럼,,0
설화수,윤조에센스,설화수 윤조에센스,,0
메디힐,콜라겐 볼륨 세럼,메디힐 콜라겐 볼륨 세럼,,0
브이앤에이뷰티,안티옥시던트 래디언스 앰플,브이앤에이뷰티 안티옥시던트 래디언스 앰플,,0
브이앤에이뷰티,안티옥시던트 래디언스 앰플 기획세트,브이앤에이뷰티 안티옥시던트 래디언스 앰플 기획세트,,0
센텔리안24,마데카 분말 티트리 에이씨 더블기획,센텔리안24 마데카 분말 티트리 에이씨 더블기획,,0
풀리,그린 토마토 세럼,풀리 그린 토마토 세럼,,0
NDP,"초저분자 히알루로닉 ,000PPM 세럼","NDP 초저분자 히알루로닉 ,000PPM 세럼",,0
퍼셀,픽셀바이옴 글로우 배리어 세럼,퍼셀 픽셀바이옴 글로우 배리어 세럼,,0
에스테덤,인텐시브 프로 콜라겐 세럼,에스테덤 인텐시브 프로 콜라겐 세럼,,0
유세린,이븐래디언스 일루미네이팅 세럼,유세린 이븐래디언스 일루미네이팅 세럼,,0
유세린,하이알루론 에피셀린 세럼,유세린 하이알루론 에피셀린 세럼,,0
비긴스,바이 정샘물 필링 앰플 .,비긴스 바이 정샘물 필링 앰플 .,,0
유세린,이븐래디언스 일루미네이팅 세럼,유세린 이븐래디언스 일루미네이팅 세럼,,0
더마라인,디렉소 펩타이드 콤플렉스 솔루션 앰플,더마라인 디렉소 펩타이드 콤플렉스 솔루션 앰플,,0
더마라인,디렉소 밀크 엑소좀 솔루션 앰플,더마라인 디렉소 밀크 엑소좀 솔루션 앰플,,0
더마라인,디렉소 바쿠치올 퍼밍 솔루션 앰플,더마라인 디렉소 바쿠치올 퍼밍 솔루션 앰플,,0
더마라인,디렉소 글루타치온 토닝 솔루션 앰플,더마라인 디렉소 글루타치온 토닝 솔루션 앰플,,0
아벤느,이드랑스 에센스-인-로션,아벤느 이드랑스 에센스-인-로션,,0
오휘,프라임 어드밴서 디에이징 PDRN 부스터샷,오휘 프라임 어드밴서 디에이징 PDRN 부스터샷,,0
크리니크,이븐 베터 멜라닌안녕세럼,크리니크 이븐 베터 멜라닌안녕세럼,,0
더랩바이블랑두,올리고 히알루론산 딥 글로우 세럼,더랩바이블랑두 올리고 히알루론산 딥 글로우 세럼,,0
구달,청귤 비타C 나이아신아마이드 앰플,구달 청귤 비타C 나이아신아마이드 앰플,,0
라네즈,퍼펙트리뉴 쓰리엑스 시그니쳐 세럼,라네즈 퍼펙트리뉴 쓰리엑스 시그니쳐 세럼,,0
설화수,윤조에센스 단품/,설화수 윤조에센스 단품/,,0
아떼,아크네솔 프로그래밍 앰플 듀오,아떼 아크네솔 프로그래밍 앰플 듀오,,0
리엔케이,하이퍼 히알 플럼핑 앰플,리엔케이 하이퍼 히알 플럼핑 앰플,,0
리엔케이,하이퍼 히알 플럼핑 앰플,리엔케이 하이퍼 히알 플럼핑 앰플,,0
NEW,닥터자르트 브라이타민 브라이트닝 세럼 앰플,NEW 닥터자르트 브라이타민 브라이트닝 세럼 앰플,,0
케어놀로지,비파인 퓨어 스팟 젤 크림,케어놀로지 비파인 퓨어 스팟 젤 크림,,0
네이처리퍼블릭,비타페어C PDRN 세럼,네이처리퍼블릭 비타페어C PDRN 세럼,,0
눅스,프로디쥬스 글로우 부스트 세럼,눅스 프로디쥬스 글로우 부스트 세럼,,0
넘버즈인,2번 로즈 PDRN 콜라겐 플럼핑 세럼 소용량 듀오,넘버즈인 2번 로즈 PDRN 콜라겐 플럼핑 세럼 소용량 듀오,,0
넘버즈인,3번 블루 바이오 레티놀 리모델링 앰플 소용량,넘버즈인 3번 블루 바이오 레티놀 리모델링 앰플 소용량,,0
넘버즈인,4번 세라 필 깐달걀 세럼 소용량,넘버즈인 4번 세라 필 깐달걀 세럼 소용량,,0
어나더페이스,펩타테놀10 베리어 세럼,어나더페이스 펩타테놀10 베리어 세럼,,0
아떼,포어셀 프로그래밍 앰플 5병,아떼 포어셀 프로그래밍 앰플 5병,,0
더마팩토리,EGF 앰플,더마팩토리 EGF 앰플,,0
더마팩토리,NMN % 리뉴잉 세럼,더마팩토리 NMN % 리뉴잉 세럼,,0
셀퓨전씨,포스트 쿨링 스킨 부스터 세럼 태닝 마이멜로디,셀퓨전씨 포스트 쿨링 스킨 부스터 세럼 태닝 마이멜로디,,0
코스메쉐프,흑당고 진액 영양 주름앰플 30ml_흑당고앰플,코스메쉐프 흑당고 진액 영양 주름앰플 30ml_흑당고앰플,,0
울트라브이,이데베논 프레스티지 앰플,울트라브이 이데베논 프레스티지 앰플,,0
랑콤,제니피끄 세럼,랑콤 제니피끄 세럼,,0
랑콤,제니피끄 얼티미트 세럼,랑콤 제니피끄 얼티미트 세럼,,0
랑콤,제니피끄 얼티미트 세럼 단품/,랑콤 제니피끄 얼티미트 세럼 단품/,,0
랑콤,제니피끄 세럼,랑콤 제니피끄 세럼,,0
닥터지,블랙스네일 레티놀 콜라겐 세럼 인텐스,닥터지 블랙스네일 레티놀 콜라겐 세럼 인텐스,,0
비긴스,바이 정샘물 핑크 구아바 글루타치온 세럼,비긴스 바이 정샘물 핑크 구아바 글루타치온 세럼,,0
VT,PDRN 에센스 30ml기획,VT PDRN 에센스 30ml기획,,0
아이뽀,엑스퍼트 앰플 마스크,아이뽀 엑스퍼트 앰플 마스크,,0
아이뽀,엑스퍼트 콜라겐 앰플 마스크,아이뽀 엑스퍼트 콜라겐 앰플 마스크,,0
지피덤,셀트리온 EGF 스킨 베리어 하이드로 수분앰플,지피덤 셀트리온 EGF 스킨 베리어 하이드로 수분앰플,,0
성분에디터,실크펩타이드 EGF 하트핏 볼륨 리프팅 앰플,성분에디터 실크펩타이드 EGF 하트핏 볼륨 리프팅 앰플,폴릭애씨드,1
성분에디터,머루포도 비타씨 다크 스팟 앰플,성분에디터 머루포도 비타씨 다크 스팟 앰플,,0
닥터멜락신,시멘리트 칼슘 볼륨 앰플 플러스,닥터멜락신 시멘리트 칼슘 볼륨 앰플 플러스,,0
리덴스,톤앤스팟 코렉터 앰플,리덴스 톤앤스팟 코렉터 앰플,,0
클랍,파워이펙트 앰플 토닉,클랍 파워이펙트 앰플 토닉,,0
클랍,30데이 안티에이징 앰플 프로그램,클랍 30데이 안티에이징 앰플 프로그램,,0
샤이샤이샤이,알로에 PDRN 쿨링 리페어 앰플,샤이샤이샤이 알로에 PDRN 쿨링 리페어 앰플,,0
플로디카,인투더 워터홀 앰플,플로디카 인투더 워터홀 앰플,,0
라네즈,크림 스킨 리필기획,라네즈 크림 스킨 리필기획,,0
아비브,어성초 카밍 토너 스킨부스터,아비브 어성초 카밍 토너 스킨부스터,,0
파티온,포도당 하이드로 에센스토너,파티온 포도당 하이드로 에센스토너,,0
토리든,다이브인 저분자 히알루론산 토너,토리든 다이브인 저분자 히알루론산 토너,,0
바이오더마,하이드라비오 토너,바이오더마 하이드라비오 토너,,0
아누아,어성초 수딩 토너,아누아 어성초 수딩 토너,,0
웰라쥬,리얼 히알루로닉 토너,웰라쥬 리얼 히알루로닉 토너,,0
라로슈포제,시카플라스트 로션 B5 판테놀 시카에센스 토너,라로슈포제 시카플라스트 로션 B5 판테놀 시카에센스 토너,,0
브링그린,티트리시카수딩토너 /,브링그린 티트리시카수딩토너 /,,0
더랩바이블랑두,올리고 히알루론산 딥 토너,더랩바이블랑두 올리고 히알루론산 딥 토너,,0
아누아,피디알엔 히알루론산 부스터 토너 기획세트,아누아 피디알엔 히알루론산 부스터 토너 기획세트,,0
에스트라,에이시카365 수분토너 pH4.,에스트라 에이시카365 수분토너 pH4.,,0
라운드랩,독도 토너,라운드랩 독도 토너,,0
라운드랩,독도 토너,라운드랩 독도 토너,,0
디오디너리,글리코릭 애시드 % 엑스폴리에이팅 토너,디오디너리 글리코릭 애시드 % 엑스폴리에이팅 토너,,0
토리든,다이브인 저분자 히알루론산 토너,토리든 다이브인 저분자 히알루론산 토너,,0
한율,어린쑥 수분진정 토너,한율 어린쑥 수분진정 토너,,0
디오디너리,글리코릭 애시드 % 엑스폴리에이팅 토너,디오디너리 글리코릭 애시드 % 엑스폴리에이팅 토너,,0
라로슈포제,에빠끌라 K 토너,라로슈포제 에빠끌라 K 토너,,0
메이크프렘,인테카 토너,메이크프렘 인테카 토너,,0
닥터지,레드 블레미쉬 클리어 수딩 토너,닥터지 레드 블레미쉬 클리어 수딩 토너,,0
유리아쥬,제모스 토너,유리아쥬 제모스 토너,,0
라운드랩,독도 토너,라운드랩 독도 토너,,0
폴라초이스,스킨퍼펙팅 바하 리퀴드,폴라초이스 스킨퍼펙팅 바하 리퀴드,피피지-17,1
땡큐파머,강화교동쌀 맑음 에센셜토너,땡큐파머 강화교동쌀 맑음 에센셜토너,,0
라로슈포제,똘러리앙 울트라 로션,라로슈포제 똘러리앙 울트라 로션,,0
넘버즈인,3번 결광가득 에센스 토너,넘버즈인 3번 결광가득 에센스 토너,"쌀겨추출물,글루코오스,콩",3
토니모리,원더 세라마이드 모찌 토너,토니모리 원더 세라마이드 모찌 토너,,0
넘버즈인,1번 맑게담은 청초토너 리필기획,넘버즈인 1번 맑게담은 청초토너 리필기획,,0
리얼베리어,익스트림 에센스 토너,리얼베리어 익스트림 에센스 토너,,0
라운드랩,자작나무 토너,라운드랩 자작나무 토너,,0
라운드랩,소나무 시카 토너,라운드랩 소나무 시카 토너,,0
헤이네이처,어성초 스킨 모이스처라이저 토너,헤이네이처 어성초 스킨 모이스처라이저 토너,,0
마녀공장,판테토인 에센스 토너,마녀공장 판테토인 에센스 토너,,0
아비브,부활초 파하 토너 스킨부스터,아비브 부활초 파하 토너 스킨부스터,,0
아누아,어성초 수딩 토너,아누아 어성초 수딩 토너,,0
피지오겔,DMT 에센스 인 토너,피지오겔 DMT 에센스 인 토너,,0
하다라보,고쿠쥰 로션170ml,하다라보 고쿠쥰 로션170ml,,0
달바,비타 토닝 세럼 토너,달바 비타 토닝 세럼 토너,,0
설화수,자음수EX,설화수 자음수EX,피피지-17,1
이즈앤트리,초저분자 히아루론산 토너,이즈앤트리 초저분자 히아루론산 토너,,0
넘버즈인,5번 글루타치온씨 비타수액 에센셜 토너,넘버즈인 5번 글루타치온씨 비타수액 에센셜 토너,,0
라로슈포제,시카플라스트 B5 스프레이,라로슈포제 시카플라스트 B5 스프레이,,0
AHC,허브솔루션 위치하젤 토너,AHC 허브솔루션 위치하젤 토너,,0
브링그린,티트리시카수딩 토너 & 크림,브링그린 티트리시카수딩 토너 & 크림,,0
마녀공장,비피다 바이옴 앰플 토너,마녀공장 비피다 바이옴 앰플 토너,,0
아이소이,아크니 닥터 1st 컨트롤 토닉,아이소이 아크니 닥터 1st 컨트롤 토닉,,0
브링그린,대나무히알루수분토너,브링그린 대나무히알루수분토너,,0
파티온,노스카나인 트러블 클리어 토너,파티온 노스카나인 트러블 클리어 토너,,0
아비브,어성초 카밍 토너 스킨부스터,아비브 어성초 카밍 토너 스킨부스터,,0
더랩바이블랑두,저분자 히알루론산 딥 토너,더랩바이블랑두 저분자 히알루론산 딥 토너,,0
코스알엑스,풀핏 프로폴리스 시너지 토너,코스알엑스 풀핏 프로폴리스 시너지 토너,,0
아누아,어성초 깐달걀 토너 스누피 기획세트,아누아 어성초 깐달걀 토너 스누피 기획세트,,0
유세린,더머토클린 클래리파잉 토너 더블기획,유세린 더머토클린 클래리파잉 토너 더블기획,,0
아이소이,포맨 아쿠아 수딩 토너,아이소이 포맨 아쿠아 수딩 토너,,0
헤브블루,살몬 PDRN 센텔라 토너,헤브블루 살몬 PDRN 센텔라 토너,,0
빌리프,모이스춰라이징 밤 토너,빌리프 모이스춰라이징 밤 토너,,0
유리아쥬,제모스 토너,유리아쥬 제모스 토너,,0
리우젤,에프터 쉐이브 우드&스파이스 스킨 2종,리우젤 에프터 쉐이브 우드&스파이스 스킨 2종,,0
아이디얼포맨,파워쿨링 애프터 쉐이브 2종,아이디얼포맨 파워쿨링 애프터 쉐이브 2종,,0
비오템,비오수르스 중복합성 토너,비오템 비오수르스 중복합성 토너,,0
클럽맨피노드,오리지날 에프터쉐이브로션,클럽맨피노드 오리지날 에프터쉐이브로션,,0
랩시리즈,데일리 레스큐 워터로션 기획세트,랩시리즈 데일리 레스큐 워터로션 기획세트,,0
식물나라,뽀얀쌀 맑은톤 토너&로션,식물나라 뽀얀쌀 맑은톤 토너&로션,,0
라운드랩,포 맨 자작나무 토너,라운드랩 포 맨 자작나무 토너,,0
아이소이,모이스춰닥터 장수진 수분토너,아이소이 모이스춰닥터 장수진 수분토너,,0
토리든,다이브인 포맨 저분자 히알루론산 스킨,토리든 다이브인 포맨 저분자 히알루론산 스킨,,0
디마르3,디엑스 시타듀 리엑팅 토너 .,디마르3 디엑스 시타듀 리엑팅 토너 .,,0
키엘,칼렌듈라 허벌 엑스트렉트 토너,키엘 칼렌듈라 허벌 엑스트렉트 토너,,0
닥터지,더모이스처 배리어 D 리퀴드 토너,닥터지 더모이스처 배리어 D 리퀴드 토너,,0
아벤느,이드랑스 딥모이스트 로션,아벤느 이드랑스 딥모이스트 로션,,0
빌리프,아쿠아 밤 프로즌 토너 드롭드롭드롭,빌리프 아쿠아 밤 프로즌 토너 드롭드롭드롭,,0
구달,어성초 히알루론 수딩 토너,구달 어성초 히알루론 수딩 토너,,0
메이크프렘,인테카 토너,메이크프렘 인테카 토너,,0
성분에디터,그린토마토 NMN 포어 하이드로 수딩 토너,성분에디터 그린토마토 NMN 포어 하이드로 수딩 토너,,0
식물나라,어린녹차 촉촉 진정토너,식물나라 어린녹차 촉촉 진정토너,,0
인터미션,레스트업 세럼스킨,인터미션 레스트업 세럼스킨,,0
피캄,베리어 사이클 락토P 토너200ml,피캄 베리어 사이클 락토P 토너200ml,,0
토리든,다이브인 저분자 히알루론산 스킨 부스터,토리든 다이브인 저분자 히알루론산 스킨 부스터,,0
피지오겔,레드수딩 시카밸런스 토너,피지오겔 레드수딩 시카밸런스 토너,,0
풀리,쌀 세라 에센스 토너,풀리 쌀 세라 에센스 토너,,0
스킨1004,마다가스카르 센텔라 토닝토너,스킨1004 마다가스카르 센텔라 토닝토너,,0
클럽맨리저브,위스키우즈 에프터쉐이브,클럽맨리저브 위스키우즈 에프터쉐이브,,0
바이오힐,보 프로바이오덤 3D 리프팅 에센셜 토너,바이오힐 보 프로바이오덤 3D 리프팅 에센셜 토너,,0
마몽드,플로라 글로우 로즈 워터 토너,마몽드 플로라 글로우 로즈 워터 토너,,0
유리아쥬,배리어덤 시카 토너,유리아쥬 배리어덤 시카 토너,,0
비욘드,엔젤아쿠아 토너,비욘드 엔젤아쿠아 토너,,0
[대용량]오브제,오브제 포어 제로 필링 토너,[대용량]오브제 오브제 포어 제로 필링 토너,,0
차앤박,더마앤서 핑크토닝 PDRN 토너,차앤박 더마앤서 핑크토닝 PDRN 토너,,0
키엘,울트라 훼이셜 토너,키엘 울트라 훼이셜 토너,,0
닥터지,에이클리어 밸런싱 토너,닥터지 에이클리어 밸런싱 토너,,0
센텔리안24,마데카 데일리 리페어 토너,센텔리안24 마데카 데일리 리페어 토너,,0
바이오더마,하이드라비오 토너,바이오더마 하이드라비오 토너,,0
마몽드,카밍 샷 아줄렌 토너,마몽드 카밍 샷 아줄렌 토너,,0
토리든,밸런스풀 시카 각질 토너,토리든 밸런스풀 시카 각질 토너,,0
아누아,피디알엔 히알루론산 부스터 토너,아누아 피디알엔 히알루론산 부스터 토너,,0
폴라초이스,스킨 퍼펙팅 바하 리퀴드,폴라초이스 스킨 퍼펙팅 바하 리퀴드,피피지-17,1
원씽,병풀 추출물 토너,원씽 병풀 추출물 토너,,0
플리프,시카-알로에 앰플 토너,플리프 시카-알로에 앰플 토너,,0
제로이드,인텐시브 크림 토너,제로이드 인텐시브 크림 토너,,0
셀리맥스,더 리얼 노니 밸런싱 토너,셀리맥스 더 리얼 노니 밸런싱 토너,,0
썸바이미,아하 바하 파하 데이즈 미라클 토너 기획세트,썸바이미 아하 바하 파하 데이즈 미라클 토너 기획세트,,0
아누아,어성초 깐달걀 토너,아누아 어성초 깐달걀 토너,,0
에스트라,테라크네365 하이드로 액티브 토너,에스트라 테라크네365 하이드로 액티브 토너,,0
디오디너리,랙틱 애시드 %,디오디너리 랙틱 애시드 %,,0
닥터자르트,시카페어 인텐시브 수딩 리페어 트리트먼트 로션,닥터자르트 시카페어 인텐시브 수딩 리페어 트리트먼트 로션,,0
클럽맨피노드,오리지날 에프터쉐이브로션,클럽맨피노드 오리지날 에프터쉐이브로션,,0
디마르3,시그니처 비트 로제 토너,디마르3 시그니처 비트 로제 토너,,0
키엘,칼렌듈라 허벌 엑스트렉트 토너,키엘 칼렌듈라 허벌 엑스트렉트 토너,,0
프리메라,오가니언스 베리어 리페어 카밍 에센스 토너 /단품,프리메라 오가니언스 베리어 리페어 카밍 에센스 토너 /단품,,0
라네즈,젤 크림 스킨,라네즈 젤 크림 스킨,,0
아벤느,핑크 수딩 토너,아벤느 핑크 수딩 토너,,0
닥터지,레드 블레미쉬 클리어 모이스처 토너,닥터지 레드 블레미쉬 클리어 모이스처 토너,,0
후시다인,더마 트러블 밸런싱 토너,후시다인 더마 트러블 밸런싱 토너,,0
비플레인,녹두 클리어링 라하 토너,비플레인 녹두 클리어링 라하 토너,,0
바이오던스,퍼스트 시너지 토너,바이오던스 퍼스트 시너지 토너,,0
이니스프리,화산송이 파하 매끈결 토너,이니스프리 화산송이 파하 매끈결 토너,락틱애씨드,1
비욘드,엔젤아쿠아 수분진정 토너,비욘드 엔젤아쿠아 수분진정 토너,,0
딕셔니스트,아미노산 토너,딕셔니스트 아미노산 토너,,0
마몽드,포어 슈링커 바쿠치올 레티놀 토너,마몽드 포어 슈링커 바쿠치올 레티놀 토너,,0
허블룸,콤부차 플랜트 바이옴 토너,허블룸 콤부차 플랜트 바이옴 토너,,0
바버501,애프터 쉐이브 2종 택1,바버501 애프터 쉐이브 2종 택1,,0
바이오더마,센시비오 토너,바이오더마 센시비오 토너,,0
제나벨,PDRN 리쥬비네이팅 토너,제나벨 PDRN 리쥬비네이팅 토너,,0
유세린,더모퓨리파이어 오일컨트롤 토너,유세린 더모퓨리파이어 오일컨트롤 토너,,0
라네즈옴므,액티브워터 스킨,라네즈옴므 액티브워터 스킨,피피지-17,1
조선미녀,인삼에센스워터,조선미녀 인삼에센스워터,,0
닥터하스킨,미라클아토 하이드로 토너,닥터하스킨 미라클아토 하이드로 토너,,0
몰바니,아티시카 리프레쉬 카밍 세럼,몰바니 아티시카 리프레쉬 카밍 세럼,,0
반코르,닥터 세라마이드 토너,반코르 닥터 세라마이드 토너,,0
토리든,밸런스풀 포맨 시카 클리어링 스킨,토리든 밸런스풀 포맨 시카 클리어링 스킨,,0
아이디얼,포 맨 퍼펙트 스킨 /,아이디얼 포 맨 퍼펙트 스킨 /,,0
스킨푸드,캐롯 카로틴 수딩 토너,스킨푸드 캐롯 카로틴 수딩 토너,,0
로벡틴,시카케어 밸런싱 토너,로벡틴 시카케어 밸런싱 토너,,0
파파레서피,블레미쉬 필링 토너,파파레서피 블레미쉬 필링 토너,,0
닥터지,블랙스네일 토너,닥터지 블랙스네일 토너,,0
트러블레스,마일드 클리어 토너 에센스,트러블레스 마일드 클리어 토너 에센스,,0
애즈이즈투비,히아루로닉 에센셜 토너,애즈이즈투비 히아루로닉 에센셜 토너,,0
더바디샵,티트리 오일,더바디샵 티트리 오일,,0
원씽,나이아신아마이드 % 토너,원씽 나이아신아마이드 % 토너,,0
레이지소사이어티,시카 애프터쉐이브 토너 스프레이,레이지소사이어티 시카 애프터쉐이브 토너 스프레이,,0
조선미녀,맑은쌀채운 토너,조선미녀 맑은쌀채운 토너,,0
더말로지카,in 멀티-액티브 토너,더말로지카 in 멀티-액티브 토너,,0
AHC,허브솔루션 알로에베라 토너,AHC 허브솔루션 알로에베라 토너,,0
스튜디오17,워터부스트 히알루론 수분토너,스튜디오17 워터부스트 히알루론 수분토너,,0
디오디너리,랙틱 애시드 %,디오디너리 랙틱 애시드 %,,0
이즈앤트리,히아루론산 토너,이즈앤트리 히아루론산 토너,,0
하다라보,고쿠쥰 프리미엄 로션,하다라보 고쿠쥰 프리미엄 로션,,0
원씽,어성초 추출물 토너,원씽 어성초 추출물 토너,부틸렌글라이콜,1
라운드랩,독도 토너 리필팩,라운드랩 독도 토너 리필팩,,0
식물나라,뽀얀쌀 맑은톤 토너,식물나라 뽀얀쌀 맑은톤 토너,,0
아크네스,세범 밸런싱 스킨,아크네스 세범 밸런싱 스킨,,0
싸이닉,더 심플 카밍 토너,싸이닉 더 심플 카밍 토너,,0
엠도씨,릴리프 토닉 위드 애프터셰이브,엠도씨 릴리프 토닉 위드 애프터셰이브,,0
엠도씨,세붐 스트라이크 토너,엠도씨 세붐 스트라이크 토너,,0
라끄베르,옴므 리차지 애프터쉐이브,라끄베르 옴므 리차지 애프터쉐이브,,0
유리아쥬,제모스 토너,유리아쥬 제모스 토너,,0
크리니크,안티-블레미쉬 솔루션 클래리파잉 로션,크리니크 안티-블레미쉬 솔루션 클래리파잉 로션,,0
크리니크,클래리파잉 로션 투와이스 어 데이 엑스폴리에이터,크리니크 클래리파잉 로션 투와이스 어 데이 엑스폴리에이터,,0
크리니크,포 맨 워터리 모이스춰 로션,크리니크 포 맨 워터리 모이스춰 로션,,0
크리니크,포 맨 엑스폴리에이팅 토닉,크리니크 포 맨 엑스폴리에이팅 토닉,,0
셀린저,리얼 토너 씨벅톤,셀린저 리얼 토너 씨벅톤,비타민나무추출물,1
셀린저,리얼 토너 카렌듈라,셀린저 리얼 토너 카렌듈라,포트마리골드꽃추출물,1
셀린저,리얼 토너 티트리,셀린저 리얼 토너 티트리,,0
셀린저,리얼 토너 센텔라아시아티카,셀린저 리얼 토너 센텔라아시아티카,병풀잎수,1
셀린저,리얼 토너 5종 택1,셀린저 리얼 토너 5종 택1,병풀잎수,1
셀퓨전씨,트리악 pH 컨디션 토너,셀퓨전씨 트리악 pH 컨디션 토너,,0
시카고,시카 엑스퍼트 미스트 토너,시카고 시카 엑스퍼트 미스트 토너,,0
썸바이미,아하바하파하 데이즈 미라클 토너,썸바이미 아하바하파하 데이즈 미라클 토너,,0
엠브리올리스,오 드 보떼 로자멜리스,엠브리올리스 오 드 보떼 로자멜리스,,0
아임프롬,라이스 토너,아임프롬 라이스 토너,,0
싸이닉,더 심플 카밍 토너,싸이닉 더 심플 카밍 토너,,0
클럽맨리저브,브랜디스파이스 에프터쉐이브,클럽맨리저브 브랜디스파이스 에프터쉐이브,,0
클럽맨리저브,브랜디스파이스 에프터쉐이브,클럽맨리저브 브랜디스파이스 에프터쉐이브,,0
클럽맨리저브,위스키우즈 에프터쉐이브,클럽맨리저브 위스키우즈 에프터쉐이브,,0
클럽맨피노드,오리지날 에프터쉐이브로션,클럽맨피노드 오리지날 에프터쉐이브로션,,0
클럽맨피노드,머스크 에프터쉐이브코롱,클럽맨피노드 머스크 에프터쉐이브코롱,,0
클럽맨피노드,머스크 에프터쉐이브코롱,클럽맨피노드 머스크 에프터쉐이브코롱,,0
클럽맨피노드,클래식바닐라 에프터쉐이브로션,클럽맨피노드 클래식바닐라 에프터쉐이브로션,,0
라운드랩,독도 토너,라운드랩 독도 토너,,0
닥터자르트,컨트롤에이 티트리먼트 토너,닥터자르트 컨트롤에이 티트리먼트 토너,,0
닥터자르트,컨트롤에이 티트리먼트 토너,닥터자르트 컨트롤에이 티트리먼트 토너,,0
이즈앤트리,히아루론산 토너,이즈앤트리 히아루론산 토너,,0
리우젤,에프터 쉐이브 스킨 2종,리우젤 에프터 쉐이브 스킨 2종,,0
마녀공장,비피다 바이옴 앰플 토너,마녀공장 비피다 바이옴 앰플 토너,,0
아크네스,포맨 퍼펙트 스킨,아크네스 포맨 퍼펙트 스킨,,0
비오템,옴므 티쀼르 토너,비오템 옴므 티쀼르 토너,,0
비오템,옴므 아쿠아파워 토너,비오템 옴므 아쿠아파워 토너,,0
잇츠스킨,레몬씨 스퀴즈 앰플 토너,잇츠스킨 레몬씨 스퀴즈 앰플 토너,,0
라네즈옴므,블루에너지 스킨토너,라네즈옴므 블루에너지 스킨토너,,0
비오템옴므,아쿠아틱 로션 애프터 쉐이브,비오템옴므 아쿠아틱 로션 애프터 쉐이브,,0
마녀공장,갈락토미 클리어스킨 투명광채 토너,마녀공장 갈락토미 클리어스킨 투명광채 토너,,0
폴라초이스,스킨 발란싱 포어-리듀싱 토너,폴라초이스 스킨 발란싱 포어-리듀싱 토너,,0
아크웰,리얼 아쿠아 밸런싱 토너,아크웰 리얼 아쿠아 밸런싱 토너,,0
AHC,온리 포맨 토너,AHC 온리 포맨 토너,,0
라운드랩,자작나무 토너,라운드랩 자작나무 토너,,0
셀퓨전씨,약산성 패리어 토너,셀퓨전씨 약산성 패리어 토너,,0
스킨푸드,미나리 토너,스킨푸드 미나리 토너,,0
폴라초이스,스킨 퍼펙팅 바하 리퀴드,폴라초이스 스킨 퍼펙팅 바하 리퀴드,피피지-17,1
유리아쥬,제모스 토너,유리아쥬 제모스 토너,,0
바비,브라운 하이드레이팅 페이스 토닉,바비 브라운 하이드레이팅 페이스 토닉,,0
빌리프,스트레스 슈터 시카 수딩 토너,빌리프 스트레스 슈터 시카 수딩 토너,,0
그레이멜린,알래스카 내추럴 토너500ml,그레이멜린 알래스카 내추럴 토너500ml,,0
크리니크,클래리파잉 로션 투와이스 어 데이 엑스폴리에이터 /,크리니크 클래리파잉 로션 투와이스 어 데이 엑스폴리에이터 /,,0
이즈앤트리,어니언 뉴페어 에센스 토너,이즈앤트리 어니언 뉴페어 에센스 토너,,0
유세린,더머토클린 클래리파잉 토너,유세린 더머토클린 클래리파잉 토너,,0
라네즈,워터뱅크 블루히알루로닉 기초 2종,라네즈 워터뱅크 블루히알루로닉 기초 2종,,0
라네즈,워터뱅크 블루히알루로닉 토너,라네즈 워터뱅크 블루히알루로닉 토너,,0
마리엔메이,비타민B5,마리엔메이 비타민B5,,0
라빠레뜨,뷰티 카밍 그린 턴오버 토너,라빠레뜨 뷰티 카밍 그린 턴오버 토너,,0
더마펌,모이스트 베리어 부스팅 토너 M4,더마펌 모이스트 베리어 부스팅 토너 M4,,0
센텔리안24,마데카 옴므 수딩 토너,센텔리안24 마데카 옴므 수딩 토너,,0
AHC,허브솔루션 로즈 토너,AHC 허브솔루션 로즈 토너,,0
AHC,허브솔루션 레몬 토너,AHC 허브솔루션 레몬 토너,,0
김정문알로에,큐어 알로에 워터 젤리 토너,김정문알로에 큐어 알로에 워터 젤리 토너,,0
클럽맨리저브,데킬라티즈 에프터쉐이브,클럽맨리저브 데킬라티즈 에프터쉐이브,,0
클럽맨피노드,드래곤 노어 오데토일렛,클럽맨피노드 드래곤 노어 오데토일렛,,0
클럽맨피노드,스페셜리저브 에프터쉐이브코롱,클럽맨피노드 스페셜리저브 에프터쉐이브코롱,,0
미구하라,울트라 화이트닝 퍼펙션 스킨 오리진,미구하라 울트라 화이트닝 퍼펙션 스킨 오리진,,0
피지오겔,DMT 포맨 에센셜 토너,피지오겔 DMT 포맨 에센셜 토너,,0
차앤박(CNP),차앤박 아쿠아 수딩 토너,차앤박(CNP) 차앤박 아쿠아 수딩 토너,,0
달팡,인트랄 데일리 미셀러 토너,달팡 인트랄 데일리 미셀러 토너,,0
에센허브,티트리 카밍 토너,에센허브 티트리 카밍 토너,,0
피캄,베리어 사이클 락토P 토너,피캄 베리어 사이클 락토P 토너,,0
닥터자르트,세라마이딘 스킨 베리어 세럼 토너,닥터자르트 세라마이딘 스킨 베리어 세럼 토너,,0
프랭클리,시카 히알루론산 토너,프랭클리 시카 히알루론산 토너,,0
헤라,옴므 파워부스팅 토너,헤라 옴므 파워부스팅 토너,,0
코스톡,타임리스 에센스스킨,코스톡 타임리스 에센스스킨,,0
크리니크,모이스춰 써지 하이드로 인퓨즈드 로션,크리니크 모이스춰 써지 하이드로 인퓨즈드 로션,,0
비플레인,시카테롤 토너,비플레인 시카테롤 토너,,0
나인위시스,비건 하이드라 앰플 토너,나인위시스 비건 하이드라 앰플 토너,,0
에스테덤,하이드라 로션 맥스,에스테덤 하이드라 로션 맥스,,0
에스티,로더 소프트 클린 인퓨전 하이드레이팅 에센스 로션,에스티 로더 소프트 클린 인퓨전 하이드레이팅 에센스 로션,,0
이니스프리,그린티 히알루론산 스킨,이니스프리 그린티 히알루론산 스킨,,0
라끄베르,옴므 리차지 시카 애프터쉐이브,라끄베르 옴므 리차지 시카 애프터쉐이브,,0
빌리프,슈퍼 드랍스 비타민C 워터트리트먼트,빌리프 슈퍼 드랍스 비타민C 워터트리트먼트,,0
아떼,바이탈 씨 좀 토닝 캡슐 토너,아떼 바이탈 씨 좀 토닝 캡슐 토너,,0
헤라,옴므 에센스인스킨,헤라 옴므 에센스인스킨,,0
조선미녀,붉은 팥 워터 젤,조선미녀 붉은 팥 워터 젤,,0
헤라,하이드로 리플렉팅 토너,헤라 하이드로 리플렉팅 토너,,0
넘버즈인,4번 메이크업 찰떡 미네랄 토너,넘버즈인 4번 메이크업 찰떡 미네랄 토너,,0
닥터멜락신,아쿠아 이온 플라즈마 토너,닥터멜락신 아쿠아 이온 플라즈마 토너,,0
비레디,시카페인 트러블리셋 토너,비레디 시카페인 트러블리셋 토너,,0
테라로직,마데셀 더마 리페어 B5 토너,테라로직 마데셀 더마 리페어 B5 토너,,0
라운드랩,포 맨 소나무 시카 토너,라운드랩 포 맨 소나무 시카 토너,,0
더랩바이블랑두,저분자 히알루론산 딥 토너 리필캔,더랩바이블랑두 저분자 히알루론산 딥 토너 리필캔,,0
라네즈,크림스킨,라네즈 크림스킨,,0
리얼베리어,익스트림 에센스 토너,리얼베리어 익스트림 에센스 토너,,0
아이소이,포어 타이트닝 토닉 에센스,아이소이 포어 타이트닝 토닉 에센스,,0
플라스킨,하얀쌀 효소필 단백질 토너,플라스킨 하얀쌀 효소필 단백질 토너,,0
케어존,리큐어 노르데나우 시카 토너,케어존 리큐어 노르데나우 시카 토너,,0
다슈,보이 파란 수분초 스킨,다슈 보이 파란 수분초 스킨,,0
조선미녀,청매실 AHABHA 토너,조선미녀 청매실 AHABHA 토너,,0
더후,로얄레지나 에너지드롭 트리트먼트,더후 로얄레지나 에너지드롭 트리트먼트,피피지-17,1
유세린,더모퓨리파이어 토너,유세린 더모퓨리파이어 토너,,0
피지오겔,시카밸런스 포맨 카밍 토너,피지오겔 시카밸런스 포맨 카밍 토너,,0
디오디너리,사카로미세스 퍼멘트 % 밀키 토너,디오디너리 사카로미세스 퍼멘트 % 밀키 토너,,0
비레디,시카페인 트러블리셋 토너,비레디 시카페인 트러블리셋 토너,,0
더바디샵,티트리 오일,더바디샵 티트리 오일,,0
메디톡스,뉴라덤 뉴로락토 토너,메디톡스 뉴라덤 뉴로락토 토너,,0
포엘리에,옴므 병풀잎수 .% 시카 토너 미스트,포엘리에 옴므 병풀잎수 .% 시카 토너 미스트,,0
스콧해미쉬,블루 블렌디드 토너 에센스,스콧해미쉬 블루 블렌디드 토너 에센스,,0
우노,스킨 세럼 워터,우노 스킨 세럼 워터,,0
VT,티엑스토닝 토너,VT 티엑스토닝 토너,,0
티엘스,레드 오렌지 나이아신아마이드 토너,티엘스 레드 오렌지 나이아신아마이드 토너,,0
더페이스샵,더젠틀포맨 안티에이징 스킨,더페이스샵 더젠틀포맨 안티에이징 스킨,,0
더페이스샵,더 블랙밤 스킨,더페이스샵 더 블랙밤 스킨,,0
아누아,복숭아 나이아신아마이드 에센스 토너,아누아 복숭아 나이아신아마이드 에센스 토너,,0
피토메르,로제비자쥐,피토메르 로제비자쥐,,0
달바,맨즈 밸런싱 스프레이 세럼 스킨,달바 맨즈 밸런싱 스프레이 세럼 스킨,,0
더샘,에코 에너지 아쿠아 토너/에멀전 택1,더샘 에코 에너지 아쿠아 토너/에멀전 택1,,0
더샘,미네랄 옴므 블랙 토너/에멀전 택1,더샘 미네랄 옴므 블랙 토너/에멀전 택1,,0
운스트라움,디 오리진 미스트 토너,운스트라움 디 오리진 미스트 토너,,0
넘버즈인,5번 글루타치온씨 비타수액 에센셜 토너,넘버즈인 5번 글루타치온씨 비타수액 에센셜 토너,,0
믹순,병풀 토너,믹순 병풀 토너,,0
믹순,콩 토너,믹순 콩 토너,,0
헉슬리,컨디셔닝 에센스 토너 프리쉐이프,헉슬리 컨디셔닝 에센스 토너 프리쉐이프,,0
LBB,모이스처라이징 프라임 토너,LBB 모이스처라이징 프라임 토너,,0
더마라인,디렉소 PDRN 솔루션 액티빙 토너,더마라인 디렉소 PDRN 솔루션 액티빙 토너,,0
연작,카밍 앤 컴포팅 토너,연작 카밍 앤 컴포팅 토너,,0
키엘,울트라 훼이셜 토너,키엘 울트라 훼이셜 토너,,0
케어놀로지,리블루 부스팅 멀티 토너,케어놀로지 리블루 부스팅 멀티 토너,,0
그린핑거,포레스트 피톤 수분시카 세럼토너,그린핑거 포레스트 피톤 수분시카 세럼토너,,0
키엘,울트라 훼이셜 오일-프리 토너,키엘 울트라 훼이셜 오일-프리 토너,,0
올리고더미,카렌듈라 토닝로션,올리고더미 카렌듈라 토닝로션,,0
리쥬란,더마 힐러 모이스처 트리트먼트 토너,리쥬란 더마 힐러 모이스처 트리트먼트 토너,,0
마몽드,프로바이오틱스 세라마이드 스킨 소프너,마몽드 프로바이오틱스 세라마이드 스킨 소프너,,0
달팡,인트랄 데일리 트리트먼트 로션,달팡 인트랄 데일리 트리트먼트 로션,,0
닥터디퍼런트,스케일링 토너,닥터디퍼런트 스케일링 토너,,0
눅스,베리로즈 리프레쉬 토너,눅스 베리로즈 리프레쉬 토너,,0
유리아쥬,이제악 토너 250ML기획,유리아쥬 이제악 토너 250ML기획,,0
아이디얼포맨,파워쿨링 애프터쉐이브 워터로션,아이디얼포맨 파워쿨링 애프터쉐이브 워터로션,,0
마몽드,플로라 글로우 로즈 워터 토너,마몽드 플로라 글로우 로즈 워터 토너,,0
이니스프리,레티놀 그린티 PDRN 스킨부스터 토너,이니스프리 레티놀 그린티 PDRN 스킨부스터 토너,,0
마몽드,맨 리차징 토너,마몽드 맨 리차징 토너,,0
웰라쥬,하이퍼 펩타이드 스킨부스터 토너,웰라쥬 하이퍼 펩타이드 스킨부스터 토너,,0
달팡,인트랄 이너유쓰 레스큐 아이크림,달팡 인트랄 이너유쓰 레스큐 아이크림,,0
닥터지,레드 블레미쉬 포 맨 멀티 수딩 토너 보습 기획세트,닥터지 레드 블레미쉬 포 맨 멀티 수딩 토너 보습 기획세트,,0
스킨푸드,블랙슈가 퍼펙트 토너 2X 포 맨,스킨푸드 블랙슈가 퍼펙트 토너 2X 포 맨,,0
키엘,칼렌듈라 허벌 엑스트렉트 토너,키엘 칼렌듈라 허벌 엑스트렉트 토너,,0
키엘,울트라 훼이셜 토너,키엘 울트라 훼이셜 토너,,0
랩시리즈,클리어 LS 세범 컨트롤 매티파잉 에센스,랩시리즈 클리어 LS 세범 컨트롤 매티파잉 에센스,,0
리엔케이,하이퍼 히알 플럼핑 토너,리엔케이 하이퍼 히알 플럼핑 토너,,0
리엔케이,하이퍼 히알 플럼핑 토너,리엔케이 하이퍼 히알 플럼핑 토너,,0
하루하루원더,블랙라이스 히알루로닉 토너,하루하루원더 블랙라이스 히알루로닉 토너,,0
이니스프리,그린티 스킨 포맨,이니스프리 그린티 스킨 포맨,,0
브이앤에이뷰티,안티옥시던트 에센스 토너,브이앤에이뷰티 안티옥시던트 에센스 토너,,0
브리올옴므,퍼펙트 화이트닝 토너,브리올옴므 퍼펙트 화이트닝 토너,,0
어나더페이스,펩타테놀 밸런스 토너,어나더페이스 펩타테놀 밸런스 토너,,0
헤이네이처,어성초 스킨 모이스처라이저 토너,헤이네이처 어성초 스킨 모이스처라이저 토너,,0
헉슬리,컨디셔닝 에센스 토너 프리쉐이프,헉슬리 컨디셔닝 에센스 토너 프리쉐이프,,0
랑콤,토닉 꽁포르 토너 /,랑콤 토닉 꽁포르 토너 /,,0
셀라딕스,트러블 쿨 카밍 토너,셀라딕스 트러블 쿨 카밍 토너,,0
디퍼,히알루론산 히알큐브 토너,디퍼 히알루론산 히알큐브 토너,,0
정샘물,에센셜 물 토너,정샘물 에센셜 물 토너,,0
아이오페,XMD 스템3 클리니컬 리커버리 소프너,아이오페 XMD 스템3 클리니컬 리커버리 소프너,,0
지피덤,셀트리온 EGF 스킨 베리어 크림 토너,지피덤 셀트리온 EGF 스킨 베리어 크림 토너,,0
성분에디터,그린토마토 NMN 포어 하이드로 수딩 토너,성분에디터 그린토마토 NMN 포어 하이드로 수딩 토너,,0
LBB,모이스처라이징 프라임 토너,LBB 모이스처라이징 프라임 토너,,0
스킨앤랩,베리어덤 모이스처 부스팅 토너,스킨앤랩 베리어덤 모이스처 부스팅 토너,,0
플로디카,리웨이크 모이스트 트리트먼트,플로디카 리웨이크 모이스트 트리트먼트,,0
SVR,피지오퓨어 토너,SVR 피지오퓨어 토너,,0
빌리프,맨올로지 프로텍티브 엑토인 토너,빌리프 맨올로지 프로텍티브 엑토인 토너,,0
미닉,노세범 블루 캐모마일 토너,미닉 노세범 블루 캐모마일 토너,,0
VT,피디알엔 토너,VT 피디알엔 토너,,0
오브제,모이스처 프로틴 장벽 토너,오브제 모이스처 프로틴 장벽 토너,,0
리덴스,톤앤스팟 스킨 부스터 토너,리덴스 톤앤스팟 스킨 부스터 토너,,0
에스네이처,아쿠아 오아시스 토너,에스네이처 아쿠아 오아시스 토너,,0
아누아,어성초 수딩 토너,아누아 어성초 수딩 토너,,0
바이오더마,하이드라비오 토너,바이오더마 하이드라비오 토너,,0
바이오더마,세비엄 로션,바이오더마 세비엄 로션,,0
라네즈,크림스킨 단품기획,라네즈 크림스킨 단품기획,,0
비욘드,엔젤아쿠아 보습장벽 토너,비욘드 엔젤아쿠아 보습장벽 토너,,0
크리니크,클래리파잉 로션 투와이스 어 데이 엑스폴리에이터,크리니크 클래리파잉 로션 투와이스 어 데이 엑스폴리에이터,,0
클럽맨리저브,젠트진 에프터쉐이브,클럽맨리저브 젠트진 에프터쉐이브,,0
클럽맨리저브,젠트진 에프터쉐이브,클럽맨리저브 젠트진 에프터쉐이브,,0
클럽맨피노드,클래식바닐라 에프터쉐이브로션,클럽맨피노드 클래식바닐라 에프터쉐이브로션,,0
코스알엑스,퓨어핏 시카 토너,코스알엑스 퓨어핏 시카 토너,,0
라로슈포제,똘러리앙 울트라 로션,라로슈포제 똘러리앙 울트라 로션,,0
메이크프렘,세이프 미 릴리프 에센스 토너,메이크프렘 세이프 미 릴리프 에센스 토너,,0
닥터디퍼런트,스케일링 토너,닥터디퍼런트 스케일링 토너,,0
코스알엑스,에이씨컬렉션 카밍 리퀴드 마일드,코스알엑스 에이씨컬렉션 카밍 리퀴드 마일드,,0
생블랑쉬,퓨어토너,생블랑쉬 퓨어토너,,0
원씽,인진쑥 추출물 토너,원씽 인진쑥 추출물 토너,,0
헤이네이처,어성초 스킨 토너 모이스처라이저,헤이네이처 어성초 스킨 토너 모이스처라이저,,0
에스네이처,아쿠아 오아시스 토너,에스네이처 아쿠아 오아시스 토너,,0
마몽드,레티놀 앰플 토너,마몽드 레티놀 앰플 토너,,0
닥터브로너스,로즈 발란싱 스킨 소프트너,닥터브로너스 로즈 발란싱 스킨 소프트너,,0
달바,퍼스트 아로마틱 토너,달바 퍼스트 아로마틱 토너,,0
피캄,베리어 사이클 락토P 토너,피캄 베리어 사이클 락토P 토너,,0
글로오아시스,프로바이오틱스 플러스 애프리콧 오일 밀크듀 밸런싱 토너,글로오아시스 프로바이오틱스 플러스 애프리콧 오일 밀크듀 밸런싱 토너,,0
넘버즈인,1번 맑게담은 청초토너,넘버즈인 1번 맑게담은 청초토너,,0
비마이셀프,C2 워터플럼핑 토너,비마이셀프 C2 워터플럼핑 토너,,0
아비브,어성초 카밍 토너 스킨부스터,아비브 어성초 카밍 토너 스킨부스터,,0
리얼베리어,모공비움 필링 토너,리얼베리어 모공비움 필링 토너,,0
에뛰드,순정 약산성 . 토너,에뛰드 순정 약산성 . 토너,,0
톤28,플러스마이너스 pH 균형제,톤28 플러스마이너스 pH 균형제,,0
아비브,어성초 카밍 토너 스킨부스터,아비브 어성초 카밍 토너 스킨부스터,,0
메디필,히알루론산 레이어 물톡스 토너,메디필 히알루론산 레이어 물톡스 토너,,0
디오디너리,글리코릭 애시드 % 엑스폴리에이팅 토너,디오디너리 글리코릭 애시드 % 엑스폴리에이팅 토너,,0
헤이네이처,어성초 스킨 토너,헤이네이처 어성초 스킨 토너,,0
헤브블루,살몬 PDRN 케어링 센텔라 토너,헤브블루 살몬 PDRN 케어링 센텔라 토너,,0
슬로소피,뉴티놀 토너,슬로소피 뉴티놀 토너,,0
리얼베리어,익스트림 에센스 토너 라이트,리얼베리어 익스트림 에센스 토너 라이트,,0
아비브,부활초 파하 토너 스킨부스터,아비브 부활초 파하 토너 스킨부스터,,0
한율,어린쑥 수분진정 토너,한율 어린쑥 수분진정 토너,,0
더후,공진향 밸런싱 토너,더후 공진향 밸런싱 토너,,0
유리아쥬,제모스 토너,유리아쥬 제모스 토너,,0
메디큐브,레드 토너 .,메디큐브 레드 토너 .,,0
더바디샵,티트리 스킨 클리어링 토너,더바디샵 티트리 스킨 클리어링 토너,,0
더바디샵,티트리 래피드 액션 젤,더바디샵 티트리 래피드 액션 젤,,0
한율X둘리,어린쑥 토너,한율X둘리 어린쑥 토너,,0
더샘,클래식 옴므 토너/에멀전 택1,더샘 클래식 옴므 토너/에멀전 택1,,0
비플레인,녹두 클리어링 라하 토너,비플레인 녹두 클리어링 라하 토너,,0
메디큐브,PDRN 핑크 시카 수딩 토너,메디큐브 PDRN 핑크 시카 수딩 토너,,0
브링그린,사철쑥카밍EX에센스토너,브링그린 사철쑥카밍EX에센스토너,,0
에르쯔틴,리제너레이티브 실트 토너,에르쯔틴 리제너레이티브 실트 토너,,0
헤이네이처,어성초 스킨 토너,헤이네이처 어성초 스킨 토너,,0
몰바니,율피 엑소좀 타이트닝 토너,몰바니 율피 엑소좀 타이트닝 토너,,0
라네즈,젤 크림 스킨,라네즈 젤 크림 스킨,,0
아누아,라이스 글로우 밀키 토너,아누아 라이스 글로우 밀키 토너,,0
필킨X약손명가,리밸런싱 마일드 펌핑 토너,필킨X약손명가 리밸런싱 마일드 펌핑 토너,,0
바이오더마,하이드라비오 토너,바이오더마 하이드라비오 토너,,0
아비브,글루타치온좀 토너 스킨부스터,아비브 글루타치온좀 토너 스킨부스터,,0
헤브블루,살몬 케어링 센텔라 토너,헤브블루 살몬 케어링 센텔라 토너,,0
성분에디터,그린토마토 NMN 포어 하이드로 수딩 토너,성분에디터 그린토마토 NMN 포어 하이드로 수딩 토너,,0
아이디얼포맨,퍼펙트 올인원 기획세트,아이디얼포맨 퍼펙트 올인원 기획세트,,0
온그리디언츠,스킨 베리어 카밍 로션,온그리디언츠 스킨 베리어 카밍 로션,,0
피지오겔,DMT 페이셜 로션,피지오겔 DMT 페이셜 로션,,0
에스트라,아토베리어365 로션,에스트라 아토베리어365 로션,,0
닥터지,레드 블레미쉬 포 맨 올인원 2종,닥터지 레드 블레미쉬 포 맨 올인원 2종,,0
라운드랩,독도 로션,라운드랩 독도 로션,,0
우르오스,올인원 스킨로션,우르오스 올인원 스킨로션,,0
에스트라,아토베리어365 로션,에스트라 아토베리어365 로션,,0
제로이드,수딩 로션,제로이드 수딩 로션,,0
온그리디언츠,스킨 베리어 카밍 로션,온그리디언츠 스킨 베리어 카밍 로션,,0
비오템,옴므 The Drop Collection 아쿠아파워 올인원,비오템 옴므 The Drop Collection 아쿠아파워 올인원,피이지-10,1
아벤느,트릭세라 뉴트리-플루이드 로션 *윤광 * 크림,아벤느 트릭세라 뉴트리-플루이드 로션 *윤광 * 크림,,0
토리든,다이브인 포맨 저분자 히알루론산 올인원,토리든 다이브인 포맨 저분자 히알루론산 올인원,,0
[1+1]크리니크,크리니크 드라마티컬리 디퍼런트 모이스춰라이징 로션 125ml기획/단품,[1+1]크리니크 크리니크 드라마티컬리 디퍼런트 모이스춰라이징 로션 125ml기획/단품,,0
아이오페,맨 올데이 퍼펙트 올인원,아이오페 맨 올데이 퍼펙트 올인원,,0
크리니크,드라마티컬리 디퍼런트 모이스춰라이징 로션 / 젤,크리니크 드라마티컬리 디퍼런트 모이스춰라이징 로션 / 젤,,0
오브제,포어 제로 프레쉬 올인원 단품/ 2종 택1,오브제 포어 제로 프레쉬 올인원 단품/ 2종 택1,,0
아이디얼포맨,프레시 올인원,아이디얼포맨 프레시 올인원,,0
아누아,어성초 데일리 로션,아누아 어성초 데일리 로션,,0
우르오스,올인원 스킨밀크,우르오스 올인원 스킨밀크,,0
닥터지,레드 블레미쉬 포 맨 올인원 오일컷 로션 3종,닥터지 레드 블레미쉬 포 맨 올인원 오일컷 로션 3종,,0
라운드랩,포 맨 독도 올인원 플루이드,라운드랩 포 맨 독도 올인원 플루이드,,0
라끄베르,옴므 리차지 올인원 에센스,라끄베르 옴므 리차지 올인원 에센스,,0
닥터지,더모이스처 배리어 D 로션,닥터지 더모이스처 배리어 D 로션,,0
AHC,온리포맨 올인원 에센스,AHC 온리포맨 올인원 에센스,,0
제로이드,인텐시브 로션,제로이드 인텐시브 로션,,0
피지오겔,아쿠아 포맨 오일컷 올인원,피지오겔 아쿠아 포맨 오일컷 올인원,,0
아이디얼포맨,시카 올인원,아이디얼포맨 시카 올인원,,0
[1+1]크리니크,크리니크 드라마티컬리 디퍼런트 모이스춰라이징 젤 125ml기획/단품,[1+1]크리니크 크리니크 드라마티컬리 디퍼런트 모이스춰라이징 젤 125ml기획/단품,,0
한율,어린쑥 수분진정 플루이드,한율 어린쑥 수분진정 플루이드,,0
라운드랩,포 맨 소나무 시카 로션,라운드랩 포 맨 소나무 시카 로션,,0
리얼베리어,익스트림 로션,리얼베리어 익스트림 로션,,0
오브제,포어 제로 오일 컨트롤 로션,오브제 포어 제로 오일 컨트롤 로션,,0
브링그린,블루빈 B5-PDRN 마일드 로션,브링그린 블루빈 B5-PDRN 마일드 로션,,0
아이디얼포맨,퍼펙트 보습 올인원,아이디얼포맨 퍼펙트 보습 올인원,,0
아이오페,맨 프로 레티놀 올인원,아이오페 맨 프로 레티놀 올인원,레티놀,1
라운드랩,독도 로션,라운드랩 독도 로션,,0
토리든,다이브인 포맨 저분자 히알루론산 젤 로션,토리든 다이브인 포맨 저분자 히알루론산 젤 로션,,0
피지오겔,시카밸런스 포맨 카밍 플루이드,피지오겔 시카밸런스 포맨 카밍 플루이드,,0
비욘드,엔젤아쿠아 보습 장벽 로션,비욘드 엔젤아쿠아 보습 장벽 로션,,0
바이오힐,보 프로바이오덤 3D 리프팅 에멀전,바이오힐 보 프로바이오덤 3D 리프팅 에멀전,,0
달바,비타 토닝 세럼 로션,달바 비타 토닝 세럼 로션,,0
식물나라,뽀얀쌀 맑은톤 토너&로션,식물나라 뽀얀쌀 맑은톤 토너&로션,,0
닥터지,레드 블레미쉬 포 맨 올인원 2종 택,닥터지 레드 블레미쉬 포 맨 올인원 2종 택,,0
피지오겔,레드수딩 AI 진정보습 로션,피지오겔 레드수딩 AI 진정보습 로션,,0
유세린,이븐래디언스 모이스처라이저,유세린 이븐래디언스 모이스처라이저,,0
토리든,밸런스풀 포맨 시카 오일프리 로션,토리든 밸런스풀 포맨 시카 오일프리 로션,,0
라운드랩,포 맨 자작나무 로션,라운드랩 포 맨 자작나무 로션,,0
라운드랩,포 맨 독도 올인원 젤로션,라운드랩 포 맨 독도 올인원 젤로션,,0
아이디얼포맨,올인원 3종,아이디얼포맨 올인원 3종,,0
폴라초이스,스킨 발란싱 젤,폴라초이스 스킨 발란싱 젤,,0
미닉,퍼펙트 콜라드 그린 올인원,미닉 퍼펙트 콜라드 그린 올인원,,0
라운드랩,소나무 시카 로션,라운드랩 소나무 시카 로션,,0
아이소이,포맨 아크니 닥터 올인원,아이소이 포맨 아크니 닥터 올인원,,0
무슈제이,베이직 아쿠아 보습 올인원,무슈제이 베이직 아쿠아 보습 올인원,,0
코스알엑스,오일-프리 울트라 모이스쳐라이징 로션,코스알엑스 오일-프리 울트라 모이스쳐라이징 로션,,0
싸이닉,더 심플 데일리 로션,싸이닉 더 심플 데일리 로션,,0
더샘,클래식 옴므 올인원 에센스,더샘 클래식 옴므 올인원 에센스,히스티딘,1
마녀공장,비피다 바이옴 앰플 로션,마녀공장 비피다 바이옴 앰플 로션,,0
라네즈옴므,크림스킨 옴므 올인원,라네즈옴므 크림스킨 옴므 올인원,,0
토리든,밸런스풀 포맨 시카 프레쉬 올인원 /단품,토리든 밸런스풀 포맨 시카 프레쉬 올인원 /단품,,0
라네즈옴므,액티브워터 모이스처라이저,라네즈옴므 액티브워터 모이스처라이저,,0
토니모리,원더 세라마이드 모찌 에멀전,토니모리 원더 세라마이드 모찌 에멀전,,0
비플레인,시카테롤 올인원 /단품 2종 택1,비플레인 시카테롤 올인원 /단품 2종 택1,,0
닥터자르트,세라마이딘 스킨 베리어 모이스처라이징 밀키 로션,닥터자르트 세라마이딘 스킨 베리어 모이스처라이징 밀키 로션,,0
미프,비타맥스 올인원 로션,미프 비타맥스 올인원 로션,,0
온그리디언츠,스킨 베리어 카밍 로션 스틱포 *,온그리디언츠 스킨 베리어 카밍 로션 스틱포 *,,0
네이처리퍼블릭,아프리카 버드 옴므 올인원 프레시 밸런서,네이처리퍼블릭 아프리카 버드 옴므 올인원 프레시 밸런서,,0
퓨어덤,옴므 아쿠아 하이드로 올인원 크림,퓨어덤 옴므 아쿠아 하이드로 올인원 크림,,0
라끄베르,옴므 리차지 시카 올인원 에센스,라끄베르 옴므 리차지 시카 올인원 에센스,,0
메이크프렘,인테카 포맨 수딩 올인원,메이크프렘 인테카 포맨 수딩 올인원,,0
닥터지,더모이스처 배리어 D 로션,닥터지 더모이스처 배리어 D 로션,,0
디오디너리,비타민C 서스펜션 %,디오디너리 비타민C 서스펜션 %,,0
마녀공장,얼티밋 올인원 선로션,마녀공장 얼티밋 올인원 선로션,,0
하다라보,고쿠쥰밀크140ml,하다라보 고쿠쥰밀크140ml,,0
아이오페,맨 안티에이징 에멀젼EX,아이오페 맨 안티에이징 에멀젼EX,,0
아크웰,리얼 아쿠아 밸런싱 로션,아크웰 리얼 아쿠아 밸런싱 로션,,0
무슈제이,밀크 톤업 올인원,무슈제이 밀크 톤업 올인원,,0
닥터지,레드 블레미쉬 포 맨 올인원 플루이드,닥터지 레드 블레미쉬 포 맨 올인원 플루이드,,0
무슈제이,세라부스트 올인원 단품/ 2종 택1,무슈제이 세라부스트 올인원 단품/ 2종 택1,,0
차앤박,옴므랩 올인원 프로폴리스 에너지 프로틴샷,차앤박 옴므랩 올인원 프로폴리스 에너지 프로틴샷,,0
우르오스,올인원 2종 택,우르오스 올인원 2종 택,,0
식물나라,뽀얀쌀 맑은톤 로션,식물나라 뽀얀쌀 맑은톤 로션,,0
이니스프리,포레스트포맨 올인원 에센스,이니스프리 포레스트포맨 올인원 에센스,,0
디오디너리,내추럴 모이스처라이징 팩터스,디오디너리 내추럴 모이스처라이징 팩터스,,0
차앤박,옴므랩 올인원 오일컷 퍼펙트,차앤박 옴므랩 올인원 오일컷 퍼펙트,,0
바버501,올인원 모이스처라이즈 2중 택,바버501 올인원 모이스처라이즈 2중 택,,0
디오디너리,그랜액티브 레티노이드 % 에멀전,디오디너리 그랜액티브 레티노이드 % 에멀전,,0
엠도씨,세붐 스트라이크 세럼,엠도씨 세붐 스트라이크 세럼,,0
포엘리에,옴므 병풀잎수 .% 시카 로션,포엘리에 옴므 병풀잎수 .% 시카 로션,,0
이니스프리,그린티 로션 포맨,이니스프리 그린티 로션 포맨,,0
하다라보,고쿠쥰 프리미엄 밀크140ml,하다라보 고쿠쥰 프리미엄 밀크140ml,,0
엠도씨,화이트닝 스킨 플러스 로션,엠도씨 화이트닝 스킨 플러스 로션,,0
엠도씨,릴리프 에센스 에멀젼,엠도씨 릴리프 에센스 에멀젼,,0
피지오겔,DMT 데일리보습 로션,피지오겔 DMT 데일리보습 로션,,0
우르오스,올인원 스킨컨디셔너,우르오스 올인원 스킨컨디셔너,,0
라끄베르,옴므 리차지 에멀전,라끄베르 옴므 리차지 에멀전,,0
크리니크,안티-블레미쉬 솔루션 올-오버 클리어링 트리트먼트 오일-프리,크리니크 안티-블레미쉬 솔루션 올-오버 클리어링 트리트먼트 오일-프리,,0
크리니크,드라마티컬리 디퍼런트 하이드레이팅 젤리,크리니크 드라마티컬리 디퍼런트 하이드레이팅 젤리,,0
셀퓨전씨,트리악 모이스처 젤 오인트,셀퓨전씨 트리악 모이스처 젤 오인트,,0
눅스,아쿠아벨라 로션,눅스 아쿠아벨라 로션,,0
다슈,맨즈 아쿠아 리얼 모이스트 올인원크림,다슈 맨즈 아쿠아 리얼 모이스트 올인원크림,,0
눅스,맨 올인원 모이스춰라이징 젤,눅스 맨 올인원 모이스춰라이징 젤,,0
눅스,맨 애프터쉐이브 수딩 밤,눅스 맨 애프터쉐이브 수딩 밤,,0
닥터자르트,컨트롤에이 티트리먼트 모이스처라이저,닥터자르트 컨트롤에이 티트리먼트 모이스처라이저,,0
아크네스,포맨 퍼펙트 올인원,아크네스 포맨 퍼펙트 올인원,,0
바르테라,올인원 젤 모이스춰라이저,바르테라 올인원 젤 모이스춰라이저,,0
미프,리페어 앤 리프팅,미프 리페어 앤 리프팅,,0
크리니크,포맨 맥시멈 하이드레이터 -아워 오토-리플레니싱 하이드레이터,크리니크 포맨 맥시멈 하이드레이터 -아워 오토-리플레니싱 하이드레이터,,0
라네즈옴므,블루에너지 에센스인로션,라네즈옴므 블루에너지 에센스인로션,,0
폴라초이스,리지스트 데일리 % 아하 데일리 각질제거제,폴라초이스 리지스트 데일리 % 아하 데일리 각질제거제,,0
플리프,시카-알로에 카밍 올인원 로션,플리프 시카-알로에 카밍 올인원 로션,,0
싸이닉,파워 옴므 플루이드,싸이닉 파워 옴므 플루이드,,0
싸이닉,아쿠아 옴므 올인원 플루이드,싸이닉 아쿠아 옴므 올인원 플루이드,,0
싸이닉,아쿠아 옴므 올인원 모이스처라이저,싸이닉 아쿠아 옴므 올인원 모이스처라이저,피피지-17,1
미프,시카맥스 올인원,미프 시카맥스 올인원,,0
AHC,온리 포맨 로션,AHC 온리 포맨 로션,,0
AHC,온리포맨 포어 프레쉬 올인원에센스,AHC 온리포맨 포어 프레쉬 올인원에센스,,0
아크네스,포맨 퍼펙트 올인원,아크네스 포맨 퍼펙트 올인원,,0
아크네스,모이스처 플루이드,아크네스 모이스처 플루이드,,0
엠도씨,시카 화이트닝 올인원 스페셜,엠도씨 시카 화이트닝 올인원 스페셜,,0
BRTC,파워 옴므 올인원 솔루션,BRTC 파워 옴므 올인원 솔루션,,0
달팡,인트랄 액티브 스태빌라이징 로션,달팡 인트랄 액티브 스태빌라이징 로션,,0
포맨트,시그니처 올인원 에센스,포맨트 시그니처 올인원 에센스,에틸헥실아크릴레이트,1
포맨트,시그니처 올인원 에센스 모이스처 플러스,포맨트 시그니처 올인원 에센스 모이스처 플러스,,0
랩시리즈,올-인-원 훼이스 트리트먼트,랩시리즈 올-인-원 훼이스 트리트먼트,,0
우르오스,중건성 페이셜케어 기획세트,우르오스 중건성 페이셜케어 기획세트,,0
우르오스,지복합성 페이셜케어 기획세트,우르오스 지복합성 페이셜케어 기획세트,,0
우르오스,페이셜케어 기획세트 중건성&지복합성 4종 택1,우르오스 페이셜케어 기획세트 중건성&지복합성 4종 택1,,0
라네즈,워터뱅크 블루히알루로닉 에멀젼,라네즈 워터뱅크 블루히알루로닉 에멀젼,,0
마리엔메이,비타민C,마리엔메이 비타민C,,0
라끄베르,옴므 리차지 올인원 에센스,라끄베르 옴므 리차지 올인원 에센스,,0
랩시리즈,올인원 디펜스 로션 SPF35 PA,랩시리즈 올인원 디펜스 로션 SPF35 PA,,0
크리니크,포맨 오일-프리 모이스춰라이저,크리니크 포맨 오일-프리 모이스춰라이저,,0
아크네스,포맨 퍼펙트 올인원 크림,아크네스 포맨 퍼펙트 올인원 크림,,0
헤라,옴므 올인원 스킨 하이드로 트리트먼트,헤라 옴므 올인원 스킨 하이드로 트리트먼트,,0
피지오겔,DMT 포맨 플루이드,피지오겔 DMT 포맨 플루이드,,0
비오템옴므,티쀼르 모이스춰라이저,비오템옴므 티쀼르 모이스춰라이저,,0
포엘리에,옴므 IN 주름 기능성 올인원 남자 로션,포엘리에 옴므 IN 주름 기능성 올인원 남자 로션,,0
랩시리즈,올-인-원 훼이스 트리트먼트,랩시리즈 올-인-원 훼이스 트리트먼트,,0
일소,데일리 모이스처 소프트닝 로션,일소 데일리 모이스처 소프트닝 로션,,0
BRTC,파워 옴므 올인원 솔루션,BRTC 파워 옴므 올인원 솔루션,,0
크리니크,포 맨 안티 에이지 모이스춰라이저,크리니크 포 맨 안티 에이지 모이스춰라이저,,0
헤라,옴므 파워부스팅 모이스춰라이저,헤라 옴므 파워부스팅 모이스춰라이저,,0
센텔리안24,마데카 데일리 리페어 에센스로션,센텔리안24 마데카 데일리 리페어 에센스로션,,0
레이지소사이어티,올인원 페이스 솔루션,레이지소사이어티 올인원 페이스 솔루션,,0
이니스프리,그린티 히알루론산 로션,이니스프리 그린티 히알루론산 로션,,0
라운드랩,포 맨 독도 올인원 플루이드,라운드랩 포 맨 독도 올인원 플루이드,,0
프리메라,오가니언스 베리어 리페어 하이드레이션 크림 에멀젼,프리메라 오가니언스 베리어 리페어 하이드레이션 크림 에멀젼,,0
폴메디슨,옴므 워터화이트닝 올인원 에센스,폴메디슨 옴므 워터화이트닝 올인원 에센스,,0
록키스,아쿠아 부스트 옴므 올인원,록키스 아쿠아 부스트 옴므 올인원,,0
마녀공장,얼티밋 올인원 워터젤,마녀공장 얼티밋 올인원 워터젤,,0
마녀공장,얼티밋 올인원 밀크,마녀공장 얼티밋 올인원 밀크,,0
라끄베르,옴므 리차지 시카 에멀전,라끄베르 옴므 리차지 시카 에멀전,데실알코올,1
아이오페,맨 올데이 퍼펙트 올인원,아이오페 맨 올데이 퍼펙트 올인원,,0
헤라,옴므 에센스인에멀전,헤라 옴므 에센스인에멀전,,0
한율,빨간쌀 보습탄력 에멀젼,한율 빨간쌀 보습탄력 에멀젼,,0
헤라,하이드로 리플렉팅 플루이드,헤라 하이드로 리플렉팅 플루이드,,0
아이오페,맨 올데이 퍼펙트 톤업 올인원,아이오페 맨 올데이 퍼펙트 톤업 올인원,,0
아이소이,포맨 모이스춰 닥터 올인원,아이소이 포맨 모이스춰 닥터 올인원,,0
라운드랩,포 맨 독도 올인원 젤 로션,라운드랩 포 맨 독도 올인원 젤 로션,,0
아이소이,포맨 블레미쉬 케어 올인원,아이소이 포맨 블레미쉬 케어 올인원,,0
프리메라,맨인더핑크 에이지 리페어 올인원 에센스 /단품,프리메라 맨인더핑크 에이지 리페어 올인원 에센스 /단품,,0
닥터자르트,포어레미디 스무딩 프라이머,닥터자르트 포어레미디 스무딩 프라이머,,0
랩시리즈,데일리 레스큐 페이스 로션,랩시리즈 데일리 레스큐 페이스 로션,,0
플라스킨,흰두유 릴리프 단백질 로션,플라스킨 흰두유 릴리프 단백질 로션,,0
비욘드,엔젤아쿠아 포맨 올인원 에센스 더블기획,비욘드 엔젤아쿠아 포맨 올인원 에센스 더블기획,,0
오브제,모이스처 올인원 로션,오브제 모이스처 올인원 로션,,0
다슈,보이 파란 수분초 로션,다슈 보이 파란 수분초 로션,,0
다슈,보이 파란 수분초 올인원,다슈 보이 파란 수분초 올인원,,0
멜린앤게츠,비타민 E 페이스 모이스쳐라이저,멜린앤게츠 비타민 E 페이스 모이스쳐라이저,,0
더후,공진향 에멀젼,더후 공진향 에멀젼,,0
AHC,콜라 쥬비네이션 리프트4 트리트먼트 에멀젼,AHC 콜라 쥬비네이션 리프트4 트리트먼트 에멀젼,,0
아이오페,맨 올데이 퍼펙트 톤업 올인원,아이오페 맨 올데이 퍼펙트 톤업 올인원,,0
메디톡스,뉴라덤 뉴로락토 모이스처라이저,메디톡스 뉴라덤 뉴로락토 모이스처라이저,,0
토리든,다이브인 포맨 저분자 히알루론산 올인원 단품/,토리든 다이브인 포맨 저분자 히알루론산 올인원 단품/,,0
닥터지,레드 블레미쉬 포 맨 올인원 톤 로션,닥터지 레드 블레미쉬 포 맨 올인원 톤 로션,,0
닥터지,레드 블레미쉬 포 맨 플루이드/폼 2종,닥터지 레드 블레미쉬 포 맨 플루이드/폼 2종,,0
로레알파리,맨 이드라파워 쿨링 올인원,로레알파리 맨 이드라파워 쿨링 올인원,,0
로레알파리,맨 멀티액션8 안티에이징 올인원 단품/ 택,로레알파리 맨 멀티액션8 안티에이징 올인원 단품/ 택,,0
스콧해미쉬,블루 블렌디드 로션 에센스,스콧해미쉬 블루 블렌디드 로션 에센스,,0
리쥬란,리커버 힐러 부스팅 젤,리쥬란 리커버 힐러 부스팅 젤,,0
아이디얼,포 맨 퍼펙트 로션,아이디얼 포 맨 퍼펙트 로션,,0
로레알파리,맨 이드라파워 올인원 단품/ 택,로레알파리 맨 이드라파워 올인원 단품/ 택,,0
더페이스샵,더프레시 포맨 플루이드,더페이스샵 더프레시 포맨 플루이드,,0
더페이스샵,더젠틀포맨 안티에이징 로션,더페이스샵 더젠틀포맨 안티에이징 로션,,0
더페이스샵,더젠틀포맨 올인원 에센스,더페이스샵 더젠틀포맨 올인원 에센스,,0
더페이스샵,더 블랙밤 로션,더페이스샵 더 블랙밤 로션,피이지-10,1
더페이스샵,더 블랙밤 크림 플루이드,더페이스샵 더 블랙밤 크림 플루이드,,0
브링그린,티트리시카포맨올인원로션플러스200mL기획,브링그린 티트리시카포맨올인원로션플러스200mL기획,,0
더샘,에코 에너지 올인원 2종 택,더샘 에코 에너지 올인원 2종 택,,0
비오템옴므,아쿠아파워 올인원 스틱,비오템옴므 아쿠아파워 올인원 스틱,피이지-10,1
더페이스샵,스피프코드 퍼펙트 올인원 플루이드,더페이스샵 스피프코드 퍼펙트 올인원 플루이드,,0
더페이스샵,네오클래식 옴므 블랙 에센셜 올인원 트리트먼트,더페이스샵 네오클래식 옴므 블랙 에센셜 올인원 트리트먼트,,0
운스트라움,에센셜 올인원,운스트라움 에센셜 올인원,,0
운스트라움,디 오리진 로션,운스트라움 디 오리진 로션,,0
설화수,맨 본윤유액,설화수 맨 본윤유액,,0
LBB,올 데이 케어 인 로션,LBB 올 데이 케어 인 로션,,0
더마라인,디렉소 PDRN 솔루션 액티빙 에멀전,더마라인 디렉소 PDRN 솔루션 액티빙 에멀전,,0
연작,카밍 앤 컴포팅 에멀전,연작 카밍 앤 컴포팅 에멀전,,0
키엘,칼렌듈라 스킨수딩 앤 스테빌라이징 에멀젼,키엘 칼렌듈라 스킨수딩 앤 스테빌라이징 에멀젼,,0
키엘,울트라 훼이셜 베리어 스틱 밤 /단품,키엘 울트라 훼이셜 베리어 스틱 밤 /단품,피이지-10,1
엠도씨,안티 링클 스킨 플러스 로션 단품/ 2종 택1,엠도씨 안티 링클 스킨 플러스 로션 단품/ 2종 택1,,0
비오템옴므,아쿠아파워 어드밴스드 젤 PRO,비오템옴므 아쿠아파워 어드밴스드 젤 PRO,,0
그라운드플랜,젤모이스처,그라운드플랜 젤모이스처,,0
마몽드,프로바이오틱스 세라마이드 에멀젼,마몽드 프로바이오틱스 세라마이드 에멀젼,,0
차앤박,옴므랩 올인원 아쿠아 코어-업,차앤박 옴므랩 올인원 아쿠아 코어-업,,0
설화수,자음유액EX,설화수 자음유액EX,,0
아이디얼포맨,선 올인원,아이디얼포맨 선 올인원,,0
아누아,라이스 인텐시브 모이스처라이징 밀크,아누아 라이스 인텐시브 모이스처라이징 밀크,,0
스킨푸드,블랙슈가 퍼펙트 에멀전 2X 포 맨,스킨푸드 블랙슈가 퍼펙트 에멀전 2X 포 맨,,0
그라운드랩,올인원 모이스처라이저 스킨 로션,그라운드랩 올인원 모이스처라이저 스킨 로션,,0
네이처리퍼블릭,맨 인 블루 올인원 모이스처라이저,네이처리퍼블릭 맨 인 블루 올인원 모이스처라이저,,0
브리올옴므,퍼펙트 화이트닝 로션,브리올옴므 퍼펙트 화이트닝 로션,,0
아이오페,XMD 스템3 클리니컬 리커버리 에멀전,아이오페 XMD 스템3 클리니컬 리커버리 에멀전,,0
랑콤,제니피끄 얼티미트 로션,랑콤 제니피끄 얼티미트 로션,,0
빌리프,맨올로지 히알루론 리차저 올인원,빌리프 맨올로지 히알루론 리차저 올인원,,0
빌리프,맨올로지 콜라겐 익스트림 올인원,빌리프 맨올로지 콜라겐 익스트림 올인원,,0
빌리프,맨101 톤업 모이스춰라이저,빌리프 맨101 톤업 모이스춰라이저,,0
빌리프,맨올로지 프로텍티브 엑토인 에멀전,빌리프 맨올로지 프로텍티브 엑토인 에멀전,,0
미닉,노세범 블루 캐모마일 젤 로션,미닉 노세범 블루 캐모마일 젤 로션,,0
아렌시아,레드 스무디 로션,아렌시아 레드 스무디 로션,,0
랑콤,클라리피끄 에멀전,랑콤 클라리피끄 에멀전,피피지-16,1
닥터방기원,시카마이드 블레미쉬 카밍 올인원,닥터방기원 시카마이드 블레미쉬 카밍 올인원,,0
닥터방기원,시카마이드 딥 모이스처 밸런싱 올인원,닥터방기원 시카마이드 딥 모이스처 밸런싱 올인원,,0
블랙몬스터,커스텀 올인원 멀티비타,블랙몬스터 커스텀 올인원 멀티비타,,0
블랙몬스터,화이트 올인원 세럼,블랙몬스터 화이트 올인원 세럼,,0
블랙몬스터,올인원 올데이 보습 올인원,블랙몬스터 올인원 올데이 보습 올인원,,0
[선물패키지],헤라 옴므 올인원 스킨 하이드로 트리트먼트,[선물패키지] 헤라 옴므 올인원 스킨 하이드로 트리트먼트,,0
싸이닉,더 심플 데일리 로션,싸이닉 더 심플 데일리 로션,,0
크리니크,포 맨 모이스춰라이징 로션,크리니크 포 맨 모이스춰라이징 로션,,0
미프,모이스처 올인원 기획세트,미프 모이스처 올인원 기획세트,,0
라끌랑,남자를 위한 올인원 로션,라끌랑 남자를 위한 올인원 로션,,0
디오디너리,내추럴 모이스처라이징 팩터스,디오디너리 내추럴 모이스처라이징 팩터스,,0
디오디너리,% 나이아신아마이드 파우더,디오디너리 % 나이아신아마이드 파우더,나이아신아마이드,1
플리프,시카-알로에 카밍 올인원 로션,플리프 시카-알로에 카밍 올인원 로션,,0
플리프,시카-알로에 밸런싱 올인원 로션,플리프 시카-알로에 밸런싱 올인원 로션,,0
보닌,퓨어 에센셜 에멀전,보닌 퓨어 에센셜 에멀전,,0
비얼라우,"무화과,부활초 비건 올인원","비얼라우 무화과,부활초 비건 올인원",,0
비얼라우,"콤부차,레몬 비건 올인원","비얼라우 콤부차,레몬 비건 올인원",,0
스케다,스킨 브라이트 올인원,스케다 스킨 브라이트 올인원,,0
BRTC,트레이너 옴므 올인원 밀크,BRTC 트레이너 옴므 올인원 밀크,,0
이지에프올로지,인헨싱 밸런싱 로션,이지에프올로지 인헨싱 밸런싱 로션,,0
크리니크,드라마티컬리 디퍼런트 모이스춰라이징 로션,크리니크 드라마티컬리 디퍼런트 모이스춰라이징 로션,,0
레이지소사이어티,시카 애프터쉐이브 로션,레이지소사이어티 시카 애프터쉐이브 로션,,0
빌리프,맨올로지101 스마트 모이스춰 익스트림,빌리프 맨올로지101 스마트 모이스춰 익스트림,,0
더샘,미네랄 옴므 블랙 올인원 플루이드 이엑스,더샘 미네랄 옴므 블랙 올인원 플루이드 이엑스,,0
키엘,울트라 훼이셜 모이스춰라이저,키엘 울트라 훼이셜 모이스춰라이저,,0
아이디얼포맨,시카 올인원,아이디얼포맨 시카 올인원,,0
마몽드,맨 리차징 로션,마몽드 맨 리차징 로션,,0
마몽드,맨 리차징 올인원 플루이드,마몽드 맨 리차징 올인원 플루이드,,0
네이처리퍼블릭,아프리카 버드 옴므 올인원 모이스처라이저,네이처리퍼블릭 아프리카 버드 옴므 올인원 모이스처라이저,,0
아벤느,오 떼르말,아벤느 오 떼르말,온천수,1
달바,퍼스트 스프레이 세럼,달바 퍼스트 스프레이 세럼,,0
쏘내추럴,올 데이 메이크업 픽서,쏘내추럴 올 데이 메이크업 픽서,,0
차앤박,프로폴리스 에너지 앰플 미스트,차앤박 프로폴리스 에너지 앰플 미스트,,0
런드리유,클린 페이스 솔리드 미스트 카밍,런드리유 클린 페이스 솔리드 미스트 카밍,,0
쏘내추럴,올 데이 메이크업 픽서 더블기획,쏘내추럴 올 데이 메이크업 픽서 더블기획,,0
메디큐브,PDRN 젤리 미스트 세럼,메디큐브 PDRN 젤리 미스트 세럼,,0
에센허브,티트리 오일,에센허브 티트리 오일,,0
에스네이처,아쿠아 스쿠알란 미스트,에스네이처 아쿠아 스쿠알란 미스트,,0
차앤박(CNP),차앤박 프로폴리스 에너지 앰플 미스트,차앤박(CNP) 차앤박 프로폴리스 에너지 앰플 미스트,,0
온그리디언츠,스킨 베리어 속광 미스트,온그리디언츠 스킨 베리어 속광 미스트,,0
쏘내추럴,올 데이 타이트 메이크업 세팅 픽서,쏘내추럴 올 데이 타이트 메이크업 세팅 픽서,,0
바이오힐,보 판테셀 리페어시카 크림미스트,바이오힐 보 판테셀 리페어시카 크림미스트,,0
달바,바이탈 스프레이 세럼,달바 바이탈 스프레이 세럼,,0
에스트라,아토베리어365 크림미스트,에스트라 아토베리어365 크림미스트,,0
쏘내추럴,올 데이 메이크업 픽서,쏘내추럴 올 데이 메이크업 픽서,,0
눅스,윌 프로디쥬스 멀티 드라이 오일,눅스 윌 프로디쥬스 멀티 드라이 오일,,0
한율,어린쑥 트러블 미스트,한율 어린쑥 트러블 미스트,,0
빛클,살구콜라겐 젤세럼 미스트,빛클 살구콜라겐 젤세럼 미스트,,0
이즈앤트리,히아루론산 워터 미스트,이즈앤트리 히아루론산 워터 미스트,,0
휩드,무화버터 비건 밀크폼 팩미스트,휩드 무화버터 비건 밀크폼 팩미스트,,0
라로슈포제,오떼르말 온천수 미스트,라로슈포제 오떼르말 온천수 미스트,,0
차앤박,더마앤서 스킨 부스팅 세럼 미스트,차앤박 더마앤서 스킨 부스팅 세럼 미스트,,0
오드로이,모공수축 시카 . 콜라겐 미스트 앰플 로프디,오드로이 모공수축 시카 . 콜라겐 미스트 앰플 로프디,,0
쏘내추럴,워터 글로우 메이크업 세팅 픽서,쏘내추럴 워터 글로우 메이크업 세팅 픽서,,0
닥터엘시아,릴리프 크림 미스트,닥터엘시아 릴리프 크림 미스트,,0
톰,콜라겐 앰플 미스트,톰 콜라겐 앰플 미스트,,0
차앤박(CNP),차앤박 프로폴리스 에너지 앰플 미스트,차앤박(CNP) 차앤박 프로폴리스 에너지 앰플 미스트,,0
바이오힐,보 프로바이오덤 3D 리프팅 크림 미스트,바이오힐 보 프로바이오덤 3D 리프팅 크림 미스트,,0
유이크,바이옴 베리어 크림 미스트,유이크 바이옴 베리어 크림 미스트,,0
달바,퍼스트 스프레이 세럼,달바 퍼스트 스프레이 세럼,,0
식물나라,유채꿀 촉촉 멀티오일 더블기획 *,식물나라 유채꿀 촉촉 멀티오일 더블기획 *,,0
유리아쥬,오떼르말,유리아쥬 오떼르말,온천수,1
숨37,시크릿 세라마이드 버블 오일 에센스 미스트 단품/,숨37 시크릿 세라마이드 버블 오일 에센스 미스트 단품/,,0
아벤느,오 떼르말,아벤느 오 떼르말,온천수,1
쏘내추럴,리얼 매트 메이크업 세팅 픽서,쏘내추럴 리얼 매트 메이크업 세팅 픽서,,0
에스네이처,아쿠아 스쿠알란 미스트,에스네이처 아쿠아 스쿠알란 미스트,,0
에스테덤,셀룰러 워터 미스트,에스테덤 셀룰러 워터 미스트,,0
프라나롬,로즈 하이드롤라,프라나롬 로즈 하이드롤라,,0
라로슈포제,세로징크 세범 컨트롤 토닝 미스트,라로슈포제 세로징크 세범 컨트롤 토닝 미스트,,0
아이다,글루타치온 브라이트닝 앰플 미스트,아이다 글루타치온 브라이트닝 앰플 미스트,,0
바이오힐,보 판테셀 리페어시카 앰플미스트,바이오힐 보 판테셀 리페어시카 앰플미스트,,0
아벤느,오 떼르말 미스트,아벤느 오 떼르말 미스트,,0
에스테덤,셀룰러 워터 미스트,에스테덤 셀룰러 워터 미스트,,0
바이오힐,보 판테셀 리페어시카 크림미스트,바이오힐 보 판테셀 리페어시카 크림미스트,,0
아비브,부활초 미스트 세럼 글로우 스프레이,아비브 부활초 미스트 세럼 글로우 스프레이,,0
유리아쥬,오떼르말,유리아쥬 오떼르말,온천수,1
닥터자르트,시카페어 페이셜 카밍 미스트,닥터자르트 시카페어 페이셜 카밍 미스트,,0
쏘내추럴,비건 메이크업 캄 픽서,쏘내추럴 비건 메이크업 캄 픽서,,0
아벤느,오 떼르말 미스트,아벤느 오 떼르말 미스트,온천수,1
아벤느,오 떼르말 미스트,아벤느 오 떼르말 미스트,온천수,1
웰더마,PDRN 엑소좀 젤리 겔 미스트,웰더마 PDRN 엑소좀 젤리 겔 미스트,,0
디오디너리,% 오가닉 콜드-프레스드 로즈 힙 씨드 오일,디오디너리 % 오가닉 콜드-프레스드 로즈 힙 씨드 오일,로즈힙씨오일,1
아벤느,오떼르말 미스트,아벤느 오떼르말 미스트,온천수,1
디오디너리,% 플랜트-디라이브드 스쿠알란,디오디너리 % 플랜트-디라이브드 스쿠알란,스쿠알란,1
더샘,커버 퍼펙션 메이크업 컴플릿 픽서,더샘 커버 퍼펙션 메이크업 컴플릿 픽서,,0
아르투아,송 향수 바디로션,아르투아 송 향수 바디로션,,0
오우썸,리하이드레이팅 미스트 세럼,오우썸 리하이드레이팅 미스트 세럼,,0
에비앙,브뤼미자뙤르 페이셜미스트,에비앙 브뤼미자뙤르 페이셜미스트,,0
유리아쥬,오떼르말,유리아쥬 오떼르말,온천수,1
아벤느,오떼르말 미스트,아벤느 오떼르말 미스트,온천수,1
쌍빠,어딕트 포어리스 매직 에센스,쌍빠 어딕트 포어리스 매직 에센스,,0
로벡틴,인텐스 글로우 오일,로벡틴 인텐스 글로우 오일,,0
크리니크,모이스춰 써지 페이스 스프레이,크리니크 모이스춰 써지 페이스 스프레이,,0
쌍빠,어딕트 글로우 매직에센스,쌍빠 어딕트 글로우 매직에센스,,0
달팡,카모마일 아로마틱 케어,달팡 카모마일 아로마틱 케어,,0
마녀공장,비피다 앰플 영양 미스트,마녀공장 비피다 앰플 영양 미스트,,0
달바,오리지널 & 프리미엄 미스트 세럼 기프트,달바 오리지널 & 프리미엄 미스트 세럼 기프트,,0
아벤느,오 떼르말 미스트 *,아벤느 오 떼르말 미스트 *,온천수,1
에스테덤,씨티 프로텍트 미스트,에스테덤 씨티 프로텍트 미스트,,0
시드물,비 테라피 미스트,시드물 비 테라피 미스트,,0
숨37,워터풀 하이드레이팅 젤 미스트,숨37 워터풀 하이드레이팅 젤 미스트,,0
록시땅,시어 바이 페이스 오일 세럼,록시땅 시어 바이 페이스 오일 세럼,,0
달팡,로즈 아로마틱 케어,달팡 로즈 아로마틱 케어,,0
숨37,워터풀 하이드레이팅 젤 미스트,숨37 워터풀 하이드레이팅 젤 미스트,,0
원오브뎀,카밍 샷 듀 드롭 미스트,원오브뎀 카밍 샷 듀 드롭 미스트,,0
메디톡스,뉴라덤 카밍 오로라 미스트,메디톡스 뉴라덤 카밍 오로라 미스트,,0
엠도씨,세붐 스트라이크 안티 트러블 미스트,엠도씨 세붐 스트라이크 안티 트러블 미스트,,0
눅스,윌 프로디쥬스 멀티 플로럴 오일,눅스 윌 프로디쥬스 멀티 플로럴 오일,,0
프라나롬,캐모마일 하이드롤라,프라나롬 캐모마일 하이드롤라,캐모마일꽃수,1
연작,스킨 퍼펙팅 글로우 업 프렙 워터 단품/,연작 스킨 퍼펙팅 글로우 업 프렙 워터 단품/,,0
케어놀로지,리블루 나이트 페이셜 오일,케어놀로지 리블루 나이트 페이셜 오일,,0
케어놀로지,리블루 밸런싱 크림 인 미스트,케어놀로지 리블루 밸런싱 크림 인 미스트,,0
아이디플라코스메틱,리얼애프터케어 미스트,아이디플라코스메틱 리얼애프터케어 미스트,,0
그라운드플랜,미스트,그라운드플랜 미스트,,0
더말로지카,울트라카밍 미스트,더말로지카 울트라카밍 미스트,,0
숨37,시크릿 에센스 미스트,숨37 시크릿 에센스 미스트,,0
비건이펙트,비타씨 글루타치온 미스트,비건이펙트 비타씨 글루타치온 미스트,,0
레이지소사이어티,올인원 크림 스프레이,레이지소사이어티 올인원 크림 스프레이,,0
차앤박,더마앤서 스킨 부스팅 피디알엔 세럼 미스트,차앤박 더마앤서 스킨 부스팅 피디알엔 세럼 미스트,,0
런드리유,클린 페이스 고체 미스트 카밍,런드리유 클린 페이스 고체 미스트 카밍,,0
눅스,윌 프로디쥬스 쉬머 롤온,눅스 윌 프로디쥬스 쉬머 롤온,,0
아로셀,슈퍼 콜라겐 앰플 미스트,아로셀 슈퍼 콜라겐 앰플 미스트,,0
제나벨,PDRN 듀얼 글로우 세럼 미스트,제나벨 PDRN 듀얼 글로우 세럼 미스트,,0
메디큐브,PDRN 핑크 콜라겐 글로우 젤리 미스트,메디큐브 PDRN 핑크 콜라겐 글로우 젤리 미스트,,0
블랙몬스터,화이트 스킨미스트,블랙몬스터 화이트 스킨미스트,,0
라네즈,크림스킨 미스트,라네즈 크림스킨 미스트,,0
에비앙,브뤼미자뙤르 페이셜 스프레이,에비앙 브뤼미자뙤르 페이셜 스프레이,,0
트릴로지,써티파이드 오가닉 % 로즈힙 오일,트릴로지 써티파이드 오가닉 % 로즈힙 오일,로즈힙씨오일,1
트릴로지,로즈힙오일 라이트 블렌드,트릴로지 로즈힙오일 라이트 블렌드,,0
코스알엑스,더 레티놀 . 오일,코스알엑스 더 레티놀 . 오일,,0
자트인사이트,울트라 셋팅 진짜 픽서,자트인사이트 울트라 셋팅 진짜 픽서,,0
식물나라,유채꿀 촉촉 멀티오일30mL,식물나라 유채꿀 촉촉 멀티오일30mL,,0
에센허브,티트리 오일,에센허브 티트리 오일,,0
올리세,퓨어워터 미스트,올리세 퓨어워터 미스트,,0
파이코어,디퍼런씨 블루바이옴 리페어 세럼 미스트,파이코어 디퍼런씨 블루바이옴 리페어 세럼 미스트,,0
[NEW],더하르나이 시카이드 크림 미스트,[NEW] 더하르나이 시카이드 크림 미스트,,0
쏘내추럴,올 데이 블러 메이크업 세팅 픽서,쏘내추럴 올 데이 블러 메이크업 세팅 픽서,,0
닥터엘시아,릴리프 크림 미스트,닥터엘시아 릴리프 크림 미스트,,0
라로슈포제,시카플라스트 멀티 리페어 크림,라로슈포제 시카플라스트 멀티 리페어 크림,,0
에스네이처,아쿠아 스쿠알란 수분크림,에스네이처 아쿠아 스쿠알란 수분크림,,0
라로슈포제,시카플라스트 밤 B5,라로슈포제 시카플라스트 밤 B5,,0
바이오더마,시카비오 포마드,바이오더마 시카비오 포마드,,0
에스트라,아토베리어365 크림,에스트라 아토베리어365 크림,,0
닥터지,레드 블레미쉬 클리어 수딩 크림,닥터지 레드 블레미쉬 클리어 수딩 크림,,0
빌리프,모이스춰라이징밤 / 아쿠아밤,빌리프 모이스춰라이징밤 / 아쿠아밤,,0
한율,트러블 쑥시카 크림,한율 트러블 쑥시카 크림,,0
메이크프렘,인테카 수딩크림,메이크프렘 인테카 수딩크림,,0
오드로이,모공수축크림 로프디 모공면적 더블기획,오드로이 모공수축크림 로프디 모공면적 더블기획,,0
피지오겔,DMT 페이셜 보습장벽 크림,피지오겔 DMT 페이셜 보습장벽 크림,,0
센텔리안24,마데카 크림 타임 리버스,센텔리안24 마데카 크림 타임 리버스,,0
메디큐브,PDRN 핑크 히알루로닉 수분크림 더블기획,메디큐브 PDRN 핑크 히알루로닉 수분크림 더블기획,,0
웰라쥬,리얼 히알루로닉 크림,웰라쥬 리얼 히알루로닉 크림,,0
유세린,하이알루론 3X 아이크림,유세린 하이알루론 3X 아이크림,,0
빌리프,모이스춰라이징 밤,빌리프 모이스춰라이징 밤,,0
아벤느,시칼파트 플러스 S.O.S 크림 2입기획,아벤느 시칼파트 플러스 S.O.S 크림 2입기획,,0
에스네이처,아쿠아 오아시스 젤크림,에스네이처 아쿠아 오아시스 젤크림,,0
유세린,하이알루론 3X 나이트크림,유세린 하이알루론 3X 나이트크림,,0
메디큐브,PDRN 핑크 콜라겐 캡슐크림,메디큐브 PDRN 핑크 콜라겐 캡슐크림,,0
에스트라,아토베리어365 하이드로 수딩크림,에스트라 아토베리어365 하이드로 수딩크림,,0
브링그린,티트리시카수딩크림플러스100ml / 단품,브링그린 티트리시카수딩크림플러스100ml / 단품,,0
닥터지,레드 블레미쉬 클리어 모이스처 크림,닥터지 레드 블레미쉬 클리어 모이스처 크림,,0
바이오던스,포어 퍼펙팅 콜라겐 펩타이드 크림,바이오던스 포어 퍼펙팅 콜라겐 펩타이드 크림,,0
닥터엘시아,릴리프 크림,닥터엘시아 릴리프 크림,,0
아누아,피디알엔 히알루론산 크림 기획세트,아누아 피디알엔 히알루론산 크림 기획세트,,0
아누아,어성초 센텔라 레드 스팟 크림,아누아 어성초 센텔라 레드 스팟 크림,,0
토리든,다이브인 히알루론산 수딩 크림 기획세트,토리든 다이브인 히알루론산 수딩 크림 기획세트,,0
코이,플로우 리프팅 랩핑 크림,코이 플로우 리프팅 랩핑 크림,,0
이즈앤트리,어니언 뉴페어 겔크림 더블기획,이즈앤트리 어니언 뉴페어 겔크림 더블기획,,0
아누아,피디알엔 히알루론산 크림,아누아 피디알엔 히알루론산 크림,,0
CKD,레티노콜라겐 저분자 괄사 목주름 크림,CKD 레티노콜라겐 저분자 괄사 목주름 크림,,0
넘버즈인,1번 판토텐산 액티브 수딩크림,넘버즈인 1번 판토텐산 액티브 수딩크림,,0
[1+1]크리니크,크리니크 모이스춰 써지 쏙보습크림 50ml기획/단품,[1+1]크리니크 크리니크 모이스춰 써지 쏙보습크림 50ml기획/단품,,0
파티온,노스카나인 트러블 크림,파티온 노스카나인 트러블 크림,,0
리얼베리어,익스트림 크림,리얼베리어 익스트림 크림,,0
제로이드,인텐시브 크림,제로이드 인텐시브 크림,,0
아이소이,브라이트닝 흔적크림,아이소이 브라이트닝 흔적크림,,0
센텔리안24,마데카 크림 타임 리버스 메타몽,센텔리안24 마데카 크림 타임 리버스 메타몽,,0
아비브,어성초 크림 카밍 튜브,아비브 어성초 크림 카밍 튜브,,0
토리든,다이브인 저분자 히알루론산 수딩 크림,토리든 다이브인 저분자 히알루론산 수딩 크림,,0
바이오더마,시카비오 크림,바이오더마 시카비오 크림,,0
달바,비타 토닝 캡슐 크림,달바 비타 토닝 캡슐 크림,,0
구달,청귤 비타C 잡티케어 크림,구달 청귤 비타C 잡티케어 크림,,0
차앤박,더마앤서 배리어 리셋 크림,차앤박 더마앤서 배리어 리셋 크림,,0
닥터멜락신,아이팔트 아이백 아이크림,닥터멜락신 아이팔트 아이백 아이크림,,0
라운드랩,자작나무 크림,라운드랩 자작나무 크림,,0
바이오힐,보 프로바이오덤 3D 리프팅크림,바이오힐 보 프로바이오덤 3D 리프팅크림,,0
비욘드,엔젤아쿠아 수분진정크림 트리오기획,비욘드 엔젤아쿠아 수분진정크림 트리오기획,,0
이즈앤트리,어니언 뉴페어 겔크림,이즈앤트리 어니언 뉴페어 겔크림,,0
웰라쥬,리얼 시카카밍 크림,웰라쥬 리얼 시카카밍 크림,,0
바이오더마,아토덤 인텐시브 밤,바이오더마 아토덤 인텐시브 밤,,0
바이오힐,보 판테셀 리페어시카 크림,바이오힐 보 판테셀 리페어시카 크림,,0
라운드랩,소나무 시카 크림 플러스,라운드랩 소나무 시카 크림 플러스,,0
토리든,밸런스풀 시카 크림,토리든 밸런스풀 시카 크림,,0
피지오겔,레드수딩 시카밸런스 크림,피지오겔 레드수딩 시카밸런스 크림,,0
AHC,프로 샷 콜라 쥬비네이션 아이크림 포페이스,AHC 프로 샷 콜라 쥬비네이션 아이크림 포페이스,,0
리쥬란,힐러 턴오버 액티브 크림,리쥬란 힐러 턴오버 액티브 크림,,0
SVR,시카비트,SVR 시카비트,,0
AHC,텐 레볼루션 리얼 아이크림 포 페이스 스페셜 퍼밍,AHC 텐 레볼루션 리얼 아이크림 포 페이스 스페셜 퍼밍,히스티딘,1
[1+1]크리니크,크리니크 모이스춰 써지 시베리아 시카크림 /단품,[1+1]크리니크 크리니크 모이스춰 써지 시베리아 시카크림 /단품,,0
바이오힐,보 프로바이오덤 3D 리프팅 스킨케어 3종,바이오힐 보 프로바이오덤 3D 리프팅 스킨케어 3종,,0
샤르드,엔엠엔 플러스 리프트 아이크림,샤르드 엔엠엔 플러스 리프트 아이크림,,0
제로이드,수딩 크림,제로이드 수딩 크림,,0
[화잘먹,한율 쑥히알 크림,[화잘먹 한율 쑥히알 크림,,0
에스트라,아토베리어365 하이드로 수딩크림,에스트라 아토베리어365 하이드로 수딩크림,,0
피지오겔,DMT 리제너러티브 수분크림,피지오겔 DMT 리제너러티브 수분크림,,0
피지오겔,DMT 페이셜 보습장벽 크림,피지오겔 DMT 페이셜 보습장벽 크림,,0
에스트라,에이시카365 리페어 크림 pH4.,에스트라 에이시카365 리페어 크림 pH4.,,0
마일드랩,센텔라스카 연고,마일드랩 센텔라스카 연고,,0
비플레인,녹두 타이트업 수딩 크림,비플레인 녹두 타이트업 수딩 크림,,0
닥터자르트,세라마이딘 울트라 모이스처라이징 크림,닥터자르트 세라마이딘 울트라 모이스처라이징 크림,,0
바이오힐,보 프로바이오덤 3D 리프팅 아이&링클 크림,바이오힐 보 프로바이오덤 3D 리프팅 아이&링클 크림,,0
닥터엘시아,릴리프 크림,닥터엘시아 릴리프 크림,,0
바이오힐,보 판테셀 리페어 시카좀 크림,바이오힐 보 판테셀 리페어 시카좀 크림,,0
코스알엑스,더 세라마이드 스킨 베리어 모이스처라이저,코스알엑스 더 세라마이드 스킨 베리어 모이스처라이저,,0
닥터멜락신,아이팔트 아이백 아이크림,닥터멜락신 아이팔트 아이백 아이크림,,0
[광채탄력],닥터지 블랙스네일 크림,[광채탄력] 닥터지 블랙스네일 크림,,0
제로이드,수딩 크림,제로이드 수딩 크림,,0
파티온,노스카나인 트러블 크림,파티온 노스카나인 트러블 크림,,0
제로이드,수딩 크림,제로이드 수딩 크림,,0
라로슈포제,똘러리앙 덤알레르고 크림,라로슈포제 똘러리앙 덤알레르고 크림,,0
구달,청귤 비타C 잡티케어 아이크림,구달 청귤 비타C 잡티케어 아이크림,,0
피지오겔,레드 수딩 AI 리페어 크림,피지오겔 레드 수딩 AI 리페어 크림,,0
비원츠,펩타이드X 퍼밍 아이세럼스틱 리필기획,비원츠 펩타이드X 퍼밍 아이세럼스틱 리필기획,,0
아벤느,시칼파트 플러스 SOS 리페어 크림,아벤느 시칼파트 플러스 SOS 리페어 크림,,0
낫츠,센텔라스카 연고 일랑일랑,낫츠 센텔라스카 연고 일랑일랑,,0
유리아쥬,제모스 PSO,유리아쥬 제모스 PSO,,0
리얼베리어,익스트림 크림 라이트,리얼베리어 익스트림 크림 라이트,,0
셀인샷,EGF 알란테놀 트러블 크림,셀인샷 EGF 알란테놀 트러블 크림,,0
아누아,어성초 센텔라 레드 스팟 크림,아누아 어성초 센텔라 레드 스팟 크림,,0
닥터지,로얄 블랙스네일 크림세트,닥터지 로얄 블랙스네일 크림세트,,0
리쥬란,더마힐러 모이스처 크림 한정기획,리쥬란 더마힐러 모이스처 크림 한정기획,,0
아누아,복숭아 나이아신 인리치드 크림,아누아 복숭아 나이아신 인리치드 크림,,0
오드로이,블랙체리 모공수축크림 로프디,오드로이 블랙체리 모공수축크림 로프디,,0
센텔리안24,마데카 크림 타임 리버스,센텔리안24 마데카 크림 타임 리버스,,0
구달,어성초 히알루론 수딩 크림,구달 어성초 히알루론 수딩 크림,,0
디오디너리,설퍼 % 파우더-투-크림 컨센트레이트,디오디너리 설퍼 % 파우더-투-크림 컨센트레이트,,0
한율,빨간쌀 보습탄력 크림,한율 빨간쌀 보습탄력 크림,,0
셀퓨전씨,포스트 시카 카밍 다운 크림,셀퓨전씨 포스트 시카 카밍 다운 크림,,0
한율,쑥시카 수분크림,한율 쑥시카 수분크림,,0
더랩바이블랑두,저분자 히알루론산 카밍,더랩바이블랑두 저분자 히알루론산 카밍,,0
라운드랩,자작나무 크림,라운드랩 자작나무 크림,,0
스킨앤랩,베리어덤 인텐시브 크림,스킨앤랩 베리어덤 인텐시브 크림,,0
프리메라,알파인 베리 워터리 크림 리필기획/단품,프리메라 알파인 베리 워터리 크림 리필기획/단품,,0
키엘,울트라 훼이셜 크림 파우치,키엘 울트라 훼이셜 크림 파우치,,0
리얼베리어,익스트림 크림 라이트,리얼베리어 익스트림 크림 라이트,,0
마몽드,카밍 샷 아줄렌 크림 /단품,마몽드 카밍 샷 아줄렌 크림 /단품,,0
성분에디터,그린토마토 NMN 포어 리프팅 크림,성분에디터 그린토마토 NMN 포어 리프팅 크림,,0
닥터자르트,세라마이딘 스킨 베리어 모이스처라이징 크림,닥터자르트 세라마이딘 스킨 베리어 모이스처라이징 크림,,0
에스네이처,아쿠아 스쿠알란 수분크림,에스네이처 아쿠아 스쿠알란 수분크림,,0
파티온,포도당 하이드로 크림,파티온 포도당 하이드로 크림,,0
아벤느,이드랑스 아쿠아 크림-인-젤 EX 크림,아벤느 이드랑스 아쿠아 크림-인-젤 EX 크림,,0
브링그린,대나무히알루수분부스팅크림,브링그린 대나무히알루수분부스팅크림,,0
센텔리안24,마데카 크림 타임 리버스,센텔리안24 마데카 크림 타임 리버스,,0
바이오힐,보 프로바이오덤 콜라겐 리모델링 크림 기획세트,바이오힐 보 프로바이오덤 콜라겐 리모델링 크림 기획세트,,0
닥터디퍼런트,모이스처라이저,닥터디퍼런트 모이스처라이저,,0
아비브,부활초 크림 뉴트리션 튜브,아비브 부활초 크림 뉴트리션 튜브,,0
제나벨,PDRN 리쥬비네이팅 크림,제나벨 PDRN 리쥬비네이팅 크림,,0
센텔리안24,마데카 크림 타임 리버스,센텔리안24 마데카 크림 타임 리버스,,0
코스알엑스,더 레티놀 . 모공탄력 크림,코스알엑스 더 레티놀 . 모공탄력 크림,,0
닥터디퍼런트,시카 메탈 크림,닥터디퍼런트 시카 메탈 크림,,0
닥터지,더모이스처 배리어 D 인텐스 크림 3종,닥터지 더모이스처 배리어 D 인텐스 크림 3종,,0
주미소,디판테놀 베리어 장벽크림,주미소 디판테놀 베리어 장벽크림,,0
라운드랩,약콩 판테놀 크림,라운드랩 약콩 판테놀 크림,,0
라로슈포제,시카플라스트 멀티 리페어 크림,라로슈포제 시카플라스트 멀티 리페어 크림,,0
아비브,수분초 히알루론 크림 하이드레이팅 팟,아비브 수분초 히알루론 크림 하이드레이팅 팟,,0
빌리프,아쿠아 밤 프로즌 크림,빌리프 아쿠아 밤 프로즌 크림,,0
키엘,울트라 훼이셜 크림 .0세대,키엘 울트라 훼이셜 크림 .0세대,,0
VT,피디알엔 캡슐크림,VT 피디알엔 캡슐크림,,0
바이오더마,시카비오 포마드,바이오더마 시카비오 포마드,,0
라로슈포제,에빠끌라 MAT 세보 컨트롤링 모이스춰라이저,라로슈포제 에빠끌라 MAT 세보 컨트롤링 모이스춰라이저,,0
아벤느,클리낭스 아쿠아크림-인-젤 크림50ml 2입기획,아벤느 클리낭스 아쿠아크림-인-젤 크림50ml 2입기획,,0
아벤느,시칼파트,아벤느 시칼파트,,0
설화수,탄력크림EX,설화수 탄력크림EX,,0
아벤느,시칼파트 플러스 SOS 리페어 크림,아벤느 시칼파트 플러스 SOS 리페어 크림,,0
가히,멀티밤,가히 멀티밤,,0
이니스프리,그린티 씨드 크림,이니스프리 그린티 씨드 크림,,0
나인위시스,비건 화이트 톤업 크림,나인위시스 비건 화이트 톤업 크림,,0
한율,어린쑥 수분진정 크림,한율 어린쑥 수분진정 크림,,0
마미케어,바다포도 레티놀 모공탄력 크림,마미케어 바다포도 레티놀 모공탄력 크림,,0
아이소이,모이스춰 닥터 장수진 수분크림,아이소이 모이스춰 닥터 장수진 수분크림,,0
파티온,센테카솔 연고,파티온 센테카솔 연고,,0
퍼셀,픽셀바이옴 히알 콜라겐 스플래쉬 크림,퍼셀 픽셀바이옴 히알 콜라겐 스플래쉬 크림,,0
비욘드,엔젤아쿠아 보습장벽크림 더블기획,비욘드 엔젤아쿠아 보습장벽크림 더블기획,,0
이지듀,EGF 글루타치온 기미잡티 크림,이지듀 EGF 글루타치온 기미잡티 크림,,0
차앤박(CNP),차앤박 아쿠아 수딩 크림,차앤박(CNP) 차앤박 아쿠아 수딩 크림,,0
AHC,텐 레볼루션 리얼 아이크림 포 페이스,AHC 텐 레볼루션 리얼 아이크림 포 페이스,히스티딘,1
조선미녀,인삼아이크림,조선미녀 인삼아이크림,,0
스킨푸드,블루 캐모마일 히알루로닉 수분크림,스킨푸드 블루 캐모마일 히알루로닉 수분크림,,0
유세린,하이알루론 3X 아이크림,유세린 하이알루론 3X 아이크림,,0
닥터자르트,시카페어 인텐시브 수딩 리페어 크림,닥터자르트 시카페어 인텐시브 수딩 리페어 크림,,0
피지오겔,DMT 스트레치 마크 튼살 크림,피지오겔 DMT 스트레치 마크 튼살 크림,,0
닥터지,더모이스처 배리어 D 멀티밤,닥터지 더모이스처 배리어 D 멀티밤,,0
에스네이처,아쿠아 스쿠알란 판테놀 아이크림 포 페이스 밤,에스네이처 아쿠아 스쿠알란 판테놀 아이크림 포 페이스 밤,,0
바이오힐,보 히알셀 하이드라 크림,바이오힐 보 히알셀 하이드라 크림,,0
브링그린,블루빈 B5-PDRN 마일드 크림,브링그린 블루빈 B5-PDRN 마일드 크림,,0
지피덤,셀트리온 EGF 스킨 베리어 인텐시브 크림,지피덤 셀트리온 EGF 스킨 베리어 인텐시브 크림,,0
프리메라,나이아시카 수딩글로우 워터리 크림 /단품,프리메라 나이아시카 수딩글로우 워터리 크림 /단품,,0
폴라초이스,클리니컬 .% 레티놀,폴라초이스 클리니컬 .% 레티놀,,0
설화수,탄력크림 EX,설화수 탄력크림 EX,,0
아누아,어성초 수딩 크림,아누아 어성초 수딩 크림,,0
마녀공장,판테토인 크림,마녀공장 판테토인 크림,,0
바이오더마,세비엄 포어 리파이너,바이오더마 세비엄 포어 리파이너,,0
바비브라운,비타민 인리치드 아이 베이스,바비브라운 비타민 인리치드 아이 베이스,,0
에뛰드,순정 베리어 크림 트리오기획,에뛰드 순정 베리어 크림 트리오기획,,0
에스테덤,셀룰러워터 크림,에스테덤 셀룰러워터 크림,,0
헤브블루,살몬 PDRN 센텔라 크림,헤브블루 살몬 PDRN 센텔라 크림,,0
토리든,솔리드인 세라마이드 크림,토리든 솔리드인 세라마이드 크림,,0
코스알엑스,어드벤스드 스네일 올인원 크림,코스알엑스 어드벤스드 스네일 올인원 크림,,0
낫츠,센텔라스카 연고 일랑일랑,낫츠 센텔라스카 연고 일랑일랑,,0
아비브,콜라겐 아이크림 부활초 튜브,아비브 콜라겐 아이크림 부활초 튜브,,0
비욘드,엔젤아쿠아 수분진정크림,비욘드 엔젤아쿠아 수분진정크림,,0
피지오겔,시카밸런스 포맨 카밍 크림,피지오겔 시카밸런스 포맨 카밍 크림,,0
키엘,파워풀 스트렝스 라인 리듀싱 다크서클 디미니싱 비타민C 아이세럼,키엘 파워풀 스트렝스 라인 리듀싱 다크서클 디미니싱 비타민C 아이세럼,,0
메이크프렘,인테카 수딩크림,메이크프렘 인테카 수딩크림,,0
차앤박(CNP),차앤박 프로폴리스 앰플 액티브 샷크림,차앤박(CNP) 차앤박 프로폴리스 앰플 액티브 샷크림,,0
바이오던스,스킨 글로우 에센스 크림,바이오던스 스킨 글로우 에센스 크림,,0
브링그린,슈퍼레몬글루타치온아이크림 더블기획,브링그린 슈퍼레몬글루타치온아이크림 더블기획,,0
리얼베리어,워터리 히알 크림,리얼베리어 워터리 히알 크림,,0
CKD,레티노콜라겐 저분자 괄사 목주름 크림,CKD 레티노콜라겐 저분자 괄사 목주름 크림,,0
지피덤,셀트리온 EGF 스킨 베리어 하이드레이팅 수분크림,지피덤 셀트리온 EGF 스킨 베리어 하이드레이팅 수분크림,,0
바이오더마,하이드라비오 젤크림,바이오더마 하이드라비오 젤크림,,0
성분에디터,실크 펩타이드 인텐시브 리프팅 아이크림,성분에디터 실크 펩타이드 인텐시브 리프팅 아이크림,,0
라운드랩,비타 나이아신 글로우 캡슐 크림,라운드랩 비타 나이아신 글로우 캡슐 크림,,0
아벤느,액티브 HAB3 안티에이징 크림,아벤느 액티브 HAB3 안티에이징 크림,,0
라로슈포제,똘러리앙 덤알레르고 플루이드,라로슈포제 똘러리앙 덤알레르고 플루이드,,0
피지오겔,DMT 포맨 페이셜 크림,피지오겔 DMT 포맨 페이셜 크림,,0
제나벨,PDRN 리쥬비네이팅 크림,제나벨 PDRN 리쥬비네이팅 크림,,0
이니스프리,레티놀 시카 장벽 크림,이니스프리 레티놀 시카 장벽 크림,,0
바이오더마,아토덤 인텐시브 밤,바이오더마 아토덤 인텐시브 밤,,0
아이소이,인텐시브 에너자이징 크림EX,아이소이 인텐시브 에너자이징 크림EX,,0
토리든,셀메이징 저분자 콜라겐 크림,토리든 셀메이징 저분자 콜라겐 크림,,0
가히,멀티밤,가히 멀티밤,,0
이즈앤트리,어니언 뉴페어 겔크림,이즈앤트리 어니언 뉴페어 겔크림,,0
스킨푸드,캐롯 카로틴 릴리프 크림,스킨푸드 캐롯 카로틴 릴리프 크림,,0
파티온,노스카나인 트러블 크림,파티온 노스카나인 트러블 크림,,0
클리어디어,미나리 딥 쿨 수딩 크림,클리어디어 미나리 딥 쿨 수딩 크림,,0
더랩바이블랑두,그린 플라보노이드 크림,더랩바이블랑두 그린 플라보노이드 크림,,0
닥터지,바쿠치올 포어젯 크림,닥터지 바쿠치올 포어젯 크림,,0
유리아쥬,배리어덤 시카 크림,유리아쥬 배리어덤 시카 크림,,0
라타플랑,미나리 시카트러블 수분크림,라타플랑 미나리 시카트러블 수분크림,,0
닥터지,에이클리어 밸런싱 모이스처라이저,닥터지 에이클리어 밸런싱 모이스처라이저,,0
라네즈,워터뱅크 젤 크림,라네즈 워터뱅크 젤 크림,,0
제나벨,PDRN 인리치드 리커버리 밤,제나벨 PDRN 인리치드 리커버리 밤,,0
마몽드,포어 슈링커 바쿠치올 크림 /단품,마몽드 포어 슈링커 바쿠치올 크림 /단품,,0
닥터디퍼런트,모이스처라이저,닥터디퍼런트 모이스처라이저,,0
파티온,노스카나인 트러블 모공탄력 크림,파티온 노스카나인 트러블 모공탄력 크림,,0
더마토리,히알샷 베리어 크림 B5,더마토리 히알샷 베리어 크림 B5,,0
닥터자르트,세라마이딘 스킨 베리어 모이스처라이징 아이크림,닥터자르트 세라마이딘 스킨 베리어 모이스처라이징 아이크림,,0
라운드랩,포 맨 자작나무 크림,라운드랩 포 맨 자작나무 크림,,0
비욘드,엔젤아쿠아 수분진정크림 더블기획,비욘드 엔젤아쿠아 수분진정크림 더블기획,,0
키엘,울트라 훼이셜 크림,키엘 울트라 훼이셜 크림,,0
유세린,볼륨리프팅 데이크림 포 드라이스킨,유세린 볼륨리프팅 데이크림 포 드라이스킨,,0
닥터자르트,프리쥬비네이션 퍼밍 바쿠치올 크림,닥터자르트 프리쥬비네이션 퍼밍 바쿠치올 크림,,0
넘버즈인,5번 글루타치온씨 토닝 레이저 크림,넘버즈인 5번 글루타치온씨 토닝 레이저 크림,,0
아이디얼포맨,파워쿨링 애프터 쉐이브 2종,아이디얼포맨 파워쿨링 애프터 쉐이브 2종,,0
빌리프,더 트루 크림 모이스춰라이징 밤 / 아쿠아 밤 기획팩 2종 택1,빌리프 더 트루 크림 모이스춰라이징 밤 / 아쿠아 밤 기획팩 2종 택1,,0
메디힐,마데카소사이드 리페어 더마 크림,메디힐 마데카소사이드 리페어 더마 크림,,0
구달,어성초 히알루론 수딩 크림,구달 어성초 히알루론 수딩 크림,,0
피지오겔,DMT 인텐시브크림,피지오겔 DMT 인텐시브크림,,0
스킨1004,마다가스카르 센텔라 프로바이오시카 바쿠치올 아이 크림,스킨1004 마다가스카르 센텔라 프로바이오시카 바쿠치올 아이 크림,,0
바이오더마,하이드라비오 젤크림,바이오더마 하이드라비오 젤크림,,0
닥터디퍼런트,시카 메탈 크림,닥터디퍼런트 시카 메탈 크림,,0
바이오더마,시카비오 크림,바이오더마 시카비오 크림,,0
이즈앤트리,히아루론산 아쿠아 젤 크림,이즈앤트리 히아루론산 아쿠아 젤 크림,,0
유세린,아쿠아포린 액티브 리치크림 건성피부용,유세린 아쿠아포린 액티브 리치크림 건성피부용,,0
유세린,아쿠아포린 액티브 라이트크림 복합성용,유세린 아쿠아포린 액티브 라이트크림 복합성용,,0
달바,세럼 올인원 멀티밤,달바 세럼 올인원 멀티밤,,0
에스테덤,셀룰러 워터 크림,에스테덤 셀룰러 워터 크림,,0
웰라쥬,리얼 히알루로닉 크림,웰라쥬 리얼 히알루로닉 크림,,0
셀퓨전씨,레이저 리쥬버네이션 크림,셀퓨전씨 레이저 리쥬버네이션 크림,,0
바이오더마,아토덤 인텐시브 밤,바이오더마 아토덤 인텐시브 밤,,0
아벤느,HAB3 액티브 안티에이징 크림,아벤느 HAB3 액티브 안티에이징 크림,,0
퍼셀,픽셀바이옴 애프터레이저 리부팅 크림,퍼셀 픽셀바이옴 애프터레이저 리부팅 크림,,0
에스트라,리제덤365 밀도탄력 캡슐크림,에스트라 리제덤365 밀도탄력 캡슐크림,,0
디오디너리,멀티-펩타이드 아이 세럼,디오디너리 멀티-펩타이드 아이 세럼,,0
바이오더마,세비엄 센서티브,바이오더마 세비엄 센서티브,,0
이즈앤트리,하이퍼 비타민 C 크림,이즈앤트리 하이퍼 비타민 C 크림,,0
샤이샤이샤이,바나나 컨실 아이크림 기획세트,샤이샤이샤이 바나나 컨실 아이크림 기획세트,,0
유세린,하이알루론 3X 나이트크림,유세린 하이알루론 3X 나이트크림,,0
시모먼트,브이 리프팅 롤러 크림,시모먼트 브이 리프팅 롤러 크림,,0
유세린,우레아 리페어 크림,유세린 우레아 리페어 크림,,0
믹순,콩 스틱 밤,믹순 콩 스틱 밤,,0
아벤느,똘레랑스 하이드레이팅 플루이드,아벤느 똘레랑스 하이드레이팅 플루이드,,0
파티온,노스카나인 트러블 리페어 크림,파티온 노스카나인 트러블 리페어 크림,,0
풀리,그린 토마토 크림,풀리 그린 토마토 크림,,0
더,에센셜 바이 아리얼 히알루로닉 크림,더 에센셜 바이 아리얼 히알루로닉 크림,,0
프리메라,오가니언스 씨드 펩타이드 크림,프리메라 오가니언스 씨드 펩타이드 크림,,0
디마르3,시타듀 실드 크림,디마르3 시타듀 실드 크림,,0
스킨앤랩,베리어덤 인텐시브 크림 2세대,스킨앤랩 베리어덤 인텐시브 크림 2세대,,0
닥터디퍼런트,모이스처라이저,닥터디퍼런트 모이스처라이저,,0
트리플,엠 하이드레이팅 크림,트리플 엠 하이드레이팅 크림,,0
바이오더마,하이드라비오 크림,바이오더마 하이드라비오 크림,,0
바이오더마,아토덤 인텐시브 밤,바이오더마 아토덤 인텐시브 밤,,0
AHC,콜라 쥬비네이션 리프트4 오버데이 나이트 트리트먼트밤,AHC 콜라 쥬비네이션 리프트4 오버데이 나이트 트리트먼트밤,,0
코스알엑스,풀핏 프로폴리스 라이트 크림,코스알엑스 풀핏 프로폴리스 라이트 크림,,0
아벤느,클리낭스 아쿠아크림-인-젤 크림,아벤느 클리낭스 아쿠아크림-인-젤 크림,,0
이지듀,베리어 리페어 보습케어 크림,이지듀 베리어 리페어 보습케어 크림,,0
프라나롬,시카롬 리페어 밤,프라나롬 시카롬 리페어 밤,,0
바이오더마,센시비오 디펜시브 리치,바이오더마 센시비오 디펜시브 리치,,0
테라로직,마데셀 더마 리페어 B5 크림,테라로직 마데셀 더마 리페어 B5 크림,,0
클레어스,미드나잇 블루 카밍 크림,클레어스 미드나잇 블루 카밍 크림,폴릭애씨드,1
로벡틴,시카케어 블레미쉬 클리어링 크림 리필기획,로벡틴 시카케어 블레미쉬 클리어링 크림 리필기획,,0
라네즈,워터뱅크 모이스춰 크림,라네즈 워터뱅크 모이스춰 크림,,0
NDP,비타민 B9 톤업 크림,NDP 비타민 B9 톤업 크림,,0
라네즈,워터뱅크 젤 크림,라네즈 워터뱅크 젤 크림,,0
조선미녀,인삼아이크림,조선미녀 인삼아이크림,,0
로벡틴,아쿠아 히알루로닉 수딩 크림,로벡틴 아쿠아 히알루로닉 수딩 크림,,0
비판톨,더마 리플레니싱 데일리 모이스처 페이스 크림,비판톨 더마 리플레니싱 데일리 모이스처 페이스 크림,,0
듀이트리,AC 딥 크림,듀이트리 AC 딥 크림,,0
비레디,시카페인 트러블리셋 크림,비레디 시카페인 트러블리셋 크림,,0
풀리,쌀 세라 캡슐 크림,풀리 쌀 세라 캡슐 크림,,0
청미정,기미잡티크림 카카두플럼,청미정 기미잡티크림 카카두플럼,,0
이니스프리,그린티 씨드 히알루론산 크림,이니스프리 그린티 씨드 히알루론산 크림,,0
제로이드,수딩 크림,제로이드 수딩 크림,,0
샤이샤이샤이,바나나 컨실 아이크림,샤이샤이샤이 바나나 컨실 아이크림,,0
비욘드,엔젤아쿠아 수분진정 크림,비욘드 엔젤아쿠아 수분진정 크림,,0
AXIS-Y,비건 콜라겐 아이 세럼,AXIS-Y 비건 콜라겐 아이 세럼,,0
마몽드,플로라 글로우 로즈 스무딩 크림,마몽드 플로라 글로우 로즈 스무딩 크림,,0
토니모리,원더 세라마이드 모찌 크림,토니모리 원더 세라마이드 모찌 크림,,0
라네즈,래디언씨 크림,라네즈 래디언씨 크림,,0
유리아쥬,시카 데일리 리페어 젤크림,유리아쥬 시카 데일리 리페어 젤크림,,0
메디큐브,레드 이레이징 크림 .,메디큐브 레드 이레이징 크림 .,,0
아비노,오트 젤 크림,아비노 오트 젤 크림,,0
유세린,울트라 센서티브 리페어 크림,유세린 울트라 센서티브 리페어 크림,,0
에센허브,티트리 수딩 인 카밍 크림,에센허브 티트리 수딩 인 카밍 크림,,0
원진이펙트,멜라리스 크림,원진이펙트 멜라리스 크림,,0
유리아쥬,이제악 매트,유리아쥬 이제악 매트,,0
땡큐파머,강화교동쌀 맑음 젤안에 크림80ml,땡큐파머 강화교동쌀 맑음 젤안에 크림80ml,,0
비플레인,시카테롤 캡슐 베리어 크림,비플레인 시카테롤 캡슐 베리어 크림,,0
몰바니,볼륨 인크리징 프로틴 크림,몰바니 볼륨 인크리징 프로틴 크림,,0
파티온,노스카나인 트러블 크림,파티온 노스카나인 트러블 크림,,0
브링그린,사철쑥카밍EX수분크림,브링그린 사철쑥카밍EX수분크림,,0
브리올옴므,화이트닝 수분크림,브리올옴므 화이트닝 수분크림,,0
닥터하스킨,미라클아토 하이드로 크림,닥터하스킨 미라클아토 하이드로 크림,,0
마일드랩,딥 멜라케어 스팟 트리트먼트 오인트겔,마일드랩 딥 멜라케어 스팟 트리트먼트 오인트겔,,0
로벡틴,카밍 연꽃수 크림,로벡틴 카밍 연꽃수 크림,,0
성분에디터,머루포도 비타 C 잡티크림,성분에디터 머루포도 비타 C 잡티크림,,0
에필로우,어성초 히알루시카 수분진정 크림,에필로우 어성초 히알루시카 수분진정 크림,,0
메디큐브,PDRN 핑크 히알루로닉 크림,메디큐브 PDRN 핑크 히알루로닉 크림,,0
원진이펙트,콜라겐 물방울 크림,원진이펙트 콜라겐 물방울 크림,,0
라운드랩,자작나무 크림 리필팩,라운드랩 자작나무 크림 리필팩,,0
어바웃미,숲 수분크림,어바웃미 숲 수분크림,,0
싸이닉,더 심플 릴리프 수분크림,싸이닉 더 심플 릴리프 수분크림,,0
후시다인,더마 트러블 에이씨 카밍 스팟 젤,후시다인 더마 트러블 에이씨 카밍 스팟 젤,,0
제로이드,더마뉴얼 리페어 크림,제로이드 더마뉴얼 리페어 크림,,0
김정문알로에,큐어 인텐시브 2X 크림,김정문알로에 큐어 인텐시브 2X 크림,,0
아크네스,모이스처 크림,아크네스 모이스처 크림,,0
아이디얼포맨,파워쿨링 애프터쉐이브 겔,아이디얼포맨 파워쿨링 애프터쉐이브 겔,,0
아크네스,스팟 클리어 크림 패치,아크네스 스팟 클리어 크림 패치,,0
더마팩토리,바쿠치올 % 크림,더마팩토리 바쿠치올 % 크림,,0
싸이닉,병풀 피디알엔 PDRN 시카 엔드 수딩 크림,싸이닉 병풀 피디알엔 PDRN 시카 엔드 수딩 크림,,0
유세린,아쿠아포린 액티브 크림 포 드라이 스킨 건성피부용,유세린 아쿠아포린 액티브 크림 포 드라이 스킨 건성피부용,,0
유세린,볼륨리프팅 나이트 크림,유세린 볼륨리프팅 나이트 크림,,0
달팡,하이드라스킨 리치 크림,달팡 하이드라스킨 리치 크림,,0
달팡,하이드라스킨 라이트 크림,달팡 하이드라스킨 라이트 크림,,0
시카고,시카 피니쉬 크림,시카고 시카 피니쉬 크림,,0
유리아쥬,오 떼르말 워터 크림,유리아쥬 오 떼르말 워터 크림,,0
유세린,볼륨 리프팅 아이크림,유세린 볼륨 리프팅 아이크림,,0
엠브리올리스,레 크렘 콘센트레,엠브리올리스 레 크렘 콘센트레,,0
유세린,하이알루론 3X 아이크림 더블기획,유세린 하이알루론 3X 아이크림 더블기획,,0
셀퓨전씨,포스트알파 센테카솔연고,셀퓨전씨 포스트알파 센테카솔연고,,0
로벡틴,시카케어 스팟 밤,로벡틴 시카케어 스팟 밤,,0
마티나겝하르트,아보카도 아이크림,마티나겝하르트 아보카도 아이크림,,0
유리아쥬,오 떼르말 워터 젤크림,유리아쥬 오 떼르말 워터 젤크림,,0
눅스,맨 포-맨 아이크림,눅스 맨 포-맨 아이크림,,0
유세린,울트라 센시티브 리페어 젤 크림,유세린 울트라 센시티브 리페어 젤 크림,,0
닥터자르트,컨트롤에이 티트리먼트 모이스처라이저,닥터자르트 컨트롤에이 티트리먼트 모이스처라이저,,0
아임프롬,머그워트 크림,아임프롬 머그워트 크림,,0
크리니크,모이스춰 써지 아이 -아워 하이드로 컨센트레이트,크리니크 모이스춰 써지 아이 -아워 하이드로 컨센트레이트,,0
더랩바이블랑두,저분자 히알루론산 카밍,더랩바이블랑두 저분자 히알루론산 카밍,,0
엠도씨,울트라 크림,엠도씨 울트라 크림,,0
코스알엑스,퓨어 핏 시카 크림,코스알엑스 퓨어 핏 시카 크림,,0
비오템,옴므 아쿠아파워 72H 젤 크림,비오템 옴므 아쿠아파워 72H 젤 크림,,0
셀퓨전씨,포스트 아쿠아포린 크림,셀퓨전씨 포스트 아쿠아포린 크림,,0
디오디너리,카페인 솔루션 %,디오디너리 카페인 솔루션 %,,0
유리아쥬,제모스 끄렘,유리아쥬 제모스 끄렘,,0
DR다룸,베리어 크림,DR다룸 베리어 크림,,0
더랩바이블랑두,저분자 히알루론산 카밍,더랩바이블랑두 저분자 히알루론산 카밍,,0
프리메라,알파인 베리 워터리 수딩 젤 크림,프리메라 알파인 베리 워터리 수딩 젤 크림,,0
애즈이즈투비,아쿠아 부스팅 크림,애즈이즈투비 아쿠아 부스팅 크림,,0
아크웰,리얼 아쿠아 밸런싱 크림,아크웰 리얼 아쿠아 밸런싱 크림,,0
라운드랩,독도 크림,라운드랩 독도 크림,,0
하다라보,고쿠쥰 크림,하다라보 고쿠쥰 크림,,0
닥터디퍼런트,비타리프트 에이,닥터디퍼런트 비타리프트 에이,,0
닥터디퍼런트,비타리프트 에이 포르테,닥터디퍼런트 비타리프트 에이 포르테,,0
닥터디퍼런트,비타리프트 아이앤넥,닥터디퍼런트 비타리프트 아이앤넥,,0
유리아쥬,제모스 페이스,유리아쥬 제모스 페이스,,0
스와니코코,펩타이드 아이크림 트리플,스와니코코 펩타이드 아이크림 트리플,,0
닥터디퍼런트,비타아크날 TX 나이트 크림,닥터디퍼런트 비타아크날 TX 나이트 크림,,0
키노닉스,원더 레미디 세라마이드 고보습 크림,키노닉스 원더 레미디 세라마이드 고보습 크림,,0
생블랑쉬,바이탈부스트크림,생블랑쉬 바이탈부스트크림,,0
휘게,릴리프 캐모마일 크림,휘게 릴리프 캐모마일 크림,,0
땡큐파머,트루워터 딥 모이스처크림 EX,땡큐파머 트루워터 딥 모이스처크림 EX,,0
바이오더마,아토덤 인텐시브 젤 크림,바이오더마 아토덤 인텐시브 젤 크림,,0
마녀공장,비피다 바이옴 아쿠아 배리어 크림 증정기획,마녀공장 비피다 바이옴 아쿠아 배리어 크림 증정기획,,0
달팡,인트랄 수딩 크림,달팡 인트랄 수딩 크림,,0
아이소이,인텐시브 리프팅 스팟,아이소이 인텐시브 리프팅 스팟,,0
가히,아쿠아밤,가히 아쿠아밤,,0
가히,아이밤,가히 아이밤,,0
AHC,에이치 멜라루트 크림,AHC 에이치 멜라루트 크림,,0
헤이네이처,어성초 크림,헤이네이처 어성초 크림,,0
바비브라운,하이드레이팅 아이 크림,바비브라운 하이드레이팅 아이 크림,,0
센텔리안24,링클셀 코어 아이크림,센텔리안24 링클셀 코어 아이크림,,0
셀퓨전씨,약산성 패리어 크림,셀퓨전씨 약산성 패리어 크림,,0
아비브,부활초 크림 뉴트리션 튜브,아비브 부활초 크림 뉴트리션 튜브,,0
믹순,콩 크림,믹순 콩 크림,,0
비오템,아쿠아수르스 젤 크림,비오템 아쿠아수르스 젤 크림,,0
비오템,아쿠아수르스 젤 크림,비오템 아쿠아수르스 젤 크림,,0
시카고,시카 스팟 겔,시카고 시카 스팟 겔,,0
빌리프,스트레스 슈터 시카 밤 크림,빌리프 스트레스 슈터 시카 밤 크림,,0
가히,아쿠아밤&아이밤,가히 아쿠아밤&아이밤,,0
베리홉,바이오틱스 바이탈 아이 크림,베리홉 바이오틱스 바이탈 아이 크림,,0
바비브라운,엑스트라 리페어 모이스춰 크림 인텐스,바비브라운 엑스트라 리페어 모이스춰 크림 인텐스,,0
바비브라운,엑스트라 리페어 아이 크림 인텐스,바비브라운 엑스트라 리페어 아이 크림 인텐스,,0
눅스,레브드미엘 울트라 컴포팅 베리어 크림,눅스 레브드미엘 울트라 컴포팅 베리어 크림,,0
소본,그린 시카 더마 리페어 크림,소본 그린 시카 더마 리페어 크림,,0
차앤박(CNP),차앤박 히알루로닉 더마텐션 크림,차앤박(CNP) 차앤박 히알루로닉 더마텐션 크림,,0
스킨1004,마다가스카르 센텔라 수딩 크림,스킨1004 마다가스카르 센텔라 수딩 크림,,0
클레어스,리치 모이스트 수딩 크림,클레어스 리치 모이스트 수딩 크림,,0
셀퓨전씨,약산성 패리어 크림,셀퓨전씨 약산성 패리어 크림,,0
믹순,기프트,믹순 기프트,,0
아벤느,똘레랑스 컨트롤 크림,아벤느 똘레랑스 컨트롤 크림,,0
닥터지,로얄 블랙스네일 아이크림,닥터지 로얄 블랙스네일 아이크림,,0
비플레인,시카테롤 크림,비플레인 시카테롤 크림,,0
비플레인,시카테롤 스팟 트리트먼트,비플레인 시카테롤 스팟 트리트먼트,,0
리쥬란힐러,턴오버 액티브 크림,리쥬란힐러 턴오버 액티브 크림,,0
플리프,시카-알로에 프레쉬 수분크림,플리프 시카-알로에 프레쉬 수분크림,,0
비욘드,엔젤아쿠아 시카크림 더블기획,비욘드 엔젤아쿠아 시카크림 더블기획,,0
믹순,병풀 스틱 밤,믹순 병풀 스틱 밤,,0
어바웃미,숲 크림,어바웃미 숲 크림,,0
엠브리올리스,레 크렘 센시티브,엠브리올리스 레 크렘 센시티브,,0
에스티,로더 리바이탈라이징 수프림,에스티 로더 리바이탈라이징 수프림,,0
바이오더마,센시비오 디펜시브,바이오더마 센시비오 디펜시브,,0
닥터디퍼런트,시카 메탈 퀵 수딩 크림,닥터디퍼런트 시카 메탈 퀵 수딩 크림,,0
OOTD,AM 인텐스 아이세럼,OOTD AM 인텐스 아이세럼,,0
OOTD,PM 오버나잇 아이크림,OOTD PM 오버나잇 아이크림,,0
달팡,하이드라스킨 리치/라이트 크림,달팡 하이드라스킨 리치/라이트 크림,,0
에스테덤,히알루로닉 아이세럼,에스테덤 히알루로닉 아이세럼,,0
CKD,레티노콜라겐 저분자 크림,CKD 레티노콜라겐 저분자 크림,,0
아비브,수분초 히알루론 크림 하이드레이팅 팟,아비브 수분초 히알루론 크림 하이드레이팅 팟,,0
피캄,카토 크림,피캄 카토 크림,,0
잇츠스킨,파워10 포뮬라 엘아이 수딩 젤크림 감초줄렌,잇츠스킨 파워10 포뮬라 엘아이 수딩 젤크림 감초줄렌,,0
유세린,이븐래디언스 다크서클 아이크림,유세린 이븐래디언스 다크서클 아이크림,,0
디오디너리,멀티-펩타이드 래쉬 앤 브로우 세럼,디오디너리 멀티-펩타이드 래쉬 앤 브로우 세럼,,0
허블룸,콤부차 비건 콜라겐 크림,허블룸 콤부차 비건 콜라겐 크림,,0
비건이펙트,청보리 수분크림,비건이펙트 청보리 수분크림,,0
메이크프렘,인테카 수딩크림,메이크프렘 인테카 수딩크림,,0
울트라브이,이데베논 크림,울트라브이 이데베논 크림,,0
메디올가,브라이트닝 크림 플러스,메디올가 브라이트닝 크림 플러스,,0
루트리,오디베리 5중 리프팅 크림,루트리 오디베리 5중 리프팅 크림,,0
수페,버치 리치 오리진 크림,수페 버치 리치 오리진 크림,,0
메디큐브,레드 크림 .,메디큐브 레드 크림 .,,0
달바,세럼 앤 크림,달바 세럼 앤 크림,,0
아이소이,모이스춰 닥터 장수진 수분크림,아이소이 모이스춰 닥터 장수진 수분크림,,0
피부미,센텔루션 시카 크림 3X,피부미 센텔루션 시카 크림 3X,,0
넘버즈인,2번 시카마이드 장벽 딥페어크림,넘버즈인 2번 시카마이드 장벽 딥페어크림,,0
넘버즈인,3번 결케어 벨벳 뷰티크림,넘버즈인 3번 결케어 벨벳 뷰티크림,,0
넘버즈인,4번 찰기탱탱 영양코팅 크림,넘버즈인 4번 찰기탱탱 영양코팅 크림,,0
일소,데일리 모이스처 푸딩 크림,일소 데일리 모이스처 푸딩 크림,,0
닥터자르트,세라마이딘 스킨 베리어 모이스처라이징 크림,닥터자르트 세라마이딘 스킨 베리어 모이스처라이징 크림,,0
리쥬란,더마 힐러 모이스처 크림,리쥬란 더마 힐러 모이스처 크림,,0
에스티,로더 갈색병 아이 젤 크림,에스티 로더 갈색병 아이 젤 크림,,0
체이싱래빗,버니 라인 스무더,체이싱래빗 버니 라인 스무더,,0
체이싱래빗,그린 골든 룰러 크림,체이싱래빗 그린 골든 룰러 크림,,0
클라뷰,리얼 비건 저분자 콜라겐 크림,클라뷰 리얼 비건 저분자 콜라겐 크림,,0
마녀공장,브이콜라겐 하트핏 크림,마녀공장 브이콜라겐 하트핏 크림,,0
마녀공장,브이콜라겐 하트핏 멀티밤,마녀공장 브이콜라겐 하트핏 멀티밤,,0
차앤박,프로폴리스 에센셜 아이크림 더블기획,차앤박 프로폴리스 에센셜 아이크림 더블기획,,0
아벤느,이드랑스 아쿠아 크림-인-젤 EX 크림,아벤느 이드랑스 아쿠아 크림-인-젤 EX 크림,,0
닥터자르트,세라마이딘 울트라 모이스처라이징 크림,닥터자르트 세라마이딘 울트라 모이스처라이징 크림,,0
미프,비타민 톤업 화이트닝 크림,미프 비타민 톤업 화이트닝 크림,피피지-17,1
AHC,유스래스팅 리얼 아이크림 포 페이스 스페셜 링클케어,AHC 유스래스팅 리얼 아이크림 포 페이스 스페셜 링클케어,히스티딘,1
스킨푸드,로열허니 착한 크림,스킨푸드 로열허니 착한 크림,,0
숨37,마이크로액티브 소프트 핏 크림,숨37 마이크로액티브 소프트 핏 크림,,0
스킨푸드,도토리 크림,스킨푸드 도토리 크림,,0
닥터자르트,시카페어 인텐시브 수딩 리페어 젤 크림,닥터자르트 시카페어 인텐시브 수딩 리페어 젤 크림,,0
비원츠,시카 콜라겐 괄사 리프팅 크림,비원츠 시카 콜라겐 괄사 리프팅 크림,,0
마일드랩,블루센텔라 더마 리페어크림,마일드랩 블루센텔라 더마 리페어크림,,0
닥터자르트,시카페어 인텐시브 수딩 리페어 젤 크림,닥터자르트 시카페어 인텐시브 수딩 리페어 젤 크림,,0
프리메라,파워 모이스처라이징 크림,프리메라 파워 모이스처라이징 크림,,0
에스트라,테라크네365 수딩 액티브 모이스처라이저,에스트라 테라크네365 수딩 액티브 모이스처라이저,,0
닥터디퍼런트,비타리프트 에이 포르테,닥터디퍼런트 비타리프트 에이 포르테,,0
시모먼트,아이 리프팅 롤러 세럼,시모먼트 아이 리프팅 롤러 세럼,,0
더마펌,수분보습 크림,더마펌 수분보습 크림,,0
휴캄,킨츠키 크림,휴캄 킨츠키 크림,"글루코오스,콩",2
배드스킨,콜라겐 밤 하이리프팅 크림100ml,배드스킨 콜라겐 밤 하이리프팅 크림100ml,,0
나인위시스,비건 화이트 톤업 크림,나인위시스 비건 화이트 톤업 크림,,0
닥터트웬티프로젝트,리프덤 오토 아이크림20ml,닥터트웬티프로젝트 리프덤 오토 아이크림20ml,,0
디오디너리,내추럴 모이스처라이징 팩터스,디오디너리 내추럴 모이스처라이징 팩터스,,0
숨37,워터풀 마린 릴리프 젤 크림,숨37 워터풀 마린 릴리프 젤 크림,,0
리쥬란,바이옴 힐러 유스 포뮬러 크림,리쥬란 바이옴 힐러 유스 포뮬러 크림,,0
피지오겔,DMT 하이드로 수딩 젤 크림,피지오겔 DMT 하이드로 수딩 젤 크림,,0
블리브유,콜라겐 바운싱 크림,블리브유 콜라겐 바운싱 크림,,0
리쥬란,힐러 턴오버 액티브 크림,리쥬란 힐러 턴오버 액티브 크림,,0
조선미녀,조선미녀크림,조선미녀 조선미녀크림,,0
후시다인,후시드 크림 플러스,후시다인 후시드 크림 플러스,,0
헤라,하이드로 리플렉팅 마이크로 크림,헤라 하이드로 리플렉팅 마이크로 크림,,0
AHC,텐 레볼루션 리얼 아이크림 포 페이스,AHC 텐 레볼루션 리얼 아이크림 포 페이스,히스티딘,1
어퓨,마데카소사이드 테트라좀시카 크림,어퓨 마데카소사이드 테트라좀시카 크림,,0
눅스,프로디쥬스 부스트 아이 밤 젤,눅스 프로디쥬스 부스트 아이 밤 젤,,0
눅스,프로디쥬스 부스트 나이트 리커버리 오일 밤,눅스 프로디쥬스 부스트 나이트 리커버리 오일 밤,,0
눅스,프로디쥬스 부스트 글로우 부스팅 크림,눅스 프로디쥬스 부스트 글로우 부스팅 크림,,0
오휘,미라클 모이스처 세라마이드 부스팅 크림,오휘 미라클 모이스처 세라마이드 부스팅 크림,,0
디마르3,에트셀 멜라케어 크렘,디마르3 에트셀 멜라케어 크렘,,0
디마르3,시그니처 실트 벨 크렘 .,디마르3 시그니처 실트 벨 크렘 .,,0
후시다인,더마 트러블 밸런싱 크림,후시다인 더마 트러블 밸런싱 크림,,0
MAC,하이퍼 리얼 스킨캔버스 밤,MAC 하이퍼 리얼 스킨캔버스 밤,,0
오가나셀,펩타이드 리커버리 크림,오가나셀 펩타이드 리커버리 크림,,0
오가나셀,바이오 액티옴 크림,오가나셀 바이오 액티옴 크림,,0
닥터멜락신,아쿠아 이온 플라즈마 크림,닥터멜락신 아쿠아 이온 플라즈마 크림,,0
닥터멜락신,비피 포어 베리어 크림,닥터멜락신 비피 포어 베리어 크림,,0
라네즈,워터뱅크 인텐시브 크림,라네즈 워터뱅크 인텐시브 크림,,0
라네즈,워터뱅크 인텐시브 크림,라네즈 워터뱅크 인텐시브 크림,,0
비레디,시카페인 트러블리셋 크림,비레디 시카페인 트러블리셋 크림,,0
테라로직,피토세라 프로 안티옥시던트 10X 탄력리프팅 크림,테라로직 피토세라 프로 안티옥시던트 10X 탄력리프팅 크림,,0
라운드랩,포 맨 소나무 시카 크림,라운드랩 포 맨 소나무 시카 크림,,0
오휘,미라클 토닝 글로우 크림,오휘 미라클 토닝 글로우 크림,,0
로우퀘스트,베리어 리커버리 크림,로우퀘스트 베리어 리커버리 크림,,0
오휘,미라클 토닝 글로우 크림,오휘 미라클 토닝 글로우 크림,,0
바이오더마,아토덤 인텐시브 밤,바이오더마 아토덤 인텐시브 밤,,0
리얼베리어,익스트림 크림,리얼베리어 익스트림 크림,,0
허스텔러,원더 베지 하이드레이팅 젤 크림,허스텔러 원더 베지 하이드레이팅 젤 크림,,0
플라스킨,오트밀 리페어 단백질 크림,플라스킨 오트밀 리페어 단백질 크림,,0
아벤느,똘레랑스 하이드레이팅 플루이드,아벤느 똘레랑스 하이드레이팅 플루이드,,0
닥터하우쉬카,로즈 데이 크림 오리지널,닥터하우쉬카 로즈 데이 크림 오리지널,,0
닥터하우쉬카,로즈 데이 크림 라이트,닥터하우쉬카 로즈 데이 크림 라이트,,0
닥터디퍼런트,비타리프트 에이 포르테,닥터디퍼런트 비타리프트 에이 포르테,,0
이지듀,베리어 리페어 보습케어 크림,이지듀 베리어 리페어 보습케어 크림,,0
아벤느,시칼파트 플러스 SOS 리페어 크림,아벤느 시칼파트 플러스 SOS 리페어 크림,,0
마몽드,플로라 글로우 로즈 스무딩 크림,마몽드 플로라 글로우 로즈 스무딩 크림,,0
헤브블루,살몬 PDRN 케어링 센텔라 크림,헤브블루 살몬 PDRN 케어링 센텔라 크림,,0
로우퀘스트,에키네시아 카밍 모이스처 젤 크림,로우퀘스트 에키네시아 카밍 모이스처 젤 크림,,0
톡스앤필,판테놀 밤30ml,톡스앤필 판테놀 밤30ml,,0
다슈,보이 파란 수분초 수분크림,다슈 보이 파란 수분초 수분크림,,0
라운드랩,비타 나이아신 잡티크림,라운드랩 비타 나이아신 잡티크림,,0
AHC,프로 샷 히알루로 딥 볼륨 아이크림 포 페이스,AHC 프로 샷 히알루로 딥 볼륨 아이크림 포 페이스,,0
더후,로얄레지나 에너제틱 리차징 크림,더후 로얄레지나 에너제틱 리차징 크림,,0
더후,공진향 크림,더후 공진향 크림,,0
이자녹스,에이지포커스 프라임 아이포올크림 30ml기획,이자녹스 에이지포커스 프라임 아이포올크림 30ml기획,,0
AHC,프로샷 글루타 브라이트 아이크림 포페이스 30ml기획,AHC 프로샷 글루타 브라이트 아이크림 포페이스 30ml기획,,0
피캄,센텔라 트러블 스팟,피캄 센텔라 트러블 스팟,,0
더바디샵,티트리 스킨 클리어링 하이드레이터,더바디샵 티트리 스킨 클리어링 하이드레이터,,0
리얼베리어,아쿠아 수딩 크림,리얼베리어 아쿠아 수딩 크림,,0
에딧비,톡 시카 어성초 크림,에딧비 톡 시카 어성초 크림,,0
불독,센시티브 모이스처라이저,불독 센시티브 모이스처라이저,,0
우노,크림 퍼펙션,우노 크림 퍼펙션,,0
랩시리즈,데일리 레스큐 에너자이징 젤크림,랩시리즈 데일리 레스큐 에너자이징 젤크림,피이지-10,1
피지오겔,DMT 리제너러티브 크림,피지오겔 DMT 리제너러티브 크림,,0
VT,티엑스토닝 크림,VT 티엑스토닝 크림,,0
퍼셀,픽셀바이옴 애프터레이저 리부팅 크림,퍼셀 픽셀바이옴 애프터레이저 리부팅 크림,,0
피토메르,이드라 오리지널 멜팅크림,피토메르 이드라 오리지널 멜팅크림,,0
피토메르,이드라 오리지널 멜팅크림,피토메르 이드라 오리지널 멜팅크림,,0
달바,맨즈 밸런싱 워터 크림,달바 맨즈 밸런싱 워터 크림,,0
에스트라,리제덤365 레티노이드 아이세럼,에스트라 리제덤365 레티노이드 아이세럼,,0
더페이스샵,올티밋 판테놀 .% 크림,더페이스샵 올티밋 판테놀 .% 크림,,0
더페이스샵,올티밋 히알루로닉 스쿠알란 % 크림,더페이스샵 올티밋 히알루로닉 스쿠알란 % 크림,,0
[식물성뮤신],더페이스샵 올티밋 비건 뮤신 펩타이드8 크림,[식물성뮤신] 더페이스샵 올티밋 비건 뮤신 펩타이드8 크림,,0
파티온,노스카나인 트러블 리페어 크림,파티온 노스카나인 트러블 리페어 크림,,0
아비노,오트 젤 크림,아비노 오트 젤 크림,,0
아비노,리하이드레이팅 나이트크림,아비노 리하이드레이팅 나이트크림,,0
NDP,시카 바이오 플라센타 수분진정 크림,NDP 시카 바이오 플라센타 수분진정 크림,,0
딕셔니스트,아미노산 크림,딕셔니스트 아미노산 크림,,0
LBB,인텐시브 모이스처라이징 아이크림,LBB 인텐시브 모이스처라이징 아이크림,,0
LBB,골드렐라 펩타이드 안티 멜라닌 마스크 크림,LBB 골드렐라 펩타이드 안티 멜라닌 마스크 크림,,0
센텔리안24,링클셀 코어 아이크림 알엑스,센텔리안24 링클셀 코어 아이크림 알엑스,,0
비원츠,시카콜라겐 리프팅 크림,비원츠 시카콜라겐 리프팅 크림,,0
피지오겔,DMT 리제너러티브 크림 2종 택,피지오겔 DMT 리제너러티브 크림 2종 택,,0
파이코어,디퍼런씨 블루바이옴 리페어 수딩크림,파이코어 디퍼런씨 블루바이옴 리페어 수딩크림,,0
파이코어,디퍼런씨 블루바이옴 리페어 멜팅크림,파이코어 디퍼런씨 블루바이옴 리페어 멜팅크림,,0
더마펌,수딩 리페어 토닝 크림 R4,더마펌 수딩 리페어 토닝 크림 R4,,0
더마라인,디렉소 바이오 액티빙 PDRN 크림,더마라인 디렉소 바이오 액티빙 PDRN 크림,,0
반코르,닥터 세라마이드 크림,반코르 닥터 세라마이드 크림,,0
연작,카밍 앤 컴포팅 크림,연작 카밍 앤 컴포팅 크림,,0
키엘,칼렌듈라 세럼-인퓨즈드 워터 크림,키엘 칼렌듈라 세럼-인퓨즈드 워터 크림,피이지-10,1
키엘,울트라 훼이셜 오일-프리 젤 크림,키엘 울트라 훼이셜 오일-프리 젤 크림,,0
케어놀로지,리블루 울트라 리페어 크림,케어놀로지 리블루 울트라 리페어 크림,,0
그린핑거,포레스트 피톤 수분시카 크림,그린핑거 포레스트 피톤 수분시카 크림,,0
키엘,파워풀 스트렝스 라인 리듀싱 다크서클 디미니싱 비타민C 아이세럼,키엘 파워풀 스트렝스 라인 리듀싱 다크서클 디미니싱 비타민C 아이세럼,,0
라운드랩,동백 딥 콜라겐 크림,라운드랩 동백 딥 콜라겐 크림,,0
톰,이센셜리 에픽 레디언트 크림,톰 이센셜리 에픽 레디언트 크림,,0
코이,플로우 셀코드 크라이오 크림,코이 플로우 셀코드 크라이오 크림,,0
앰플엔,히알루론샷 크림,앰플엔 히알루론샷 크림,,0
그라운드플랜,크림,그라운드플랜 크림,,0
더말로지카,듀얼 히알루론산 캄 워터 젤 크림,더말로지카 듀얼 히알루론산 캄 워터 젤 크림,,0
이지듀,멜라 글루타치온 크림,이지듀 멜라 글루타치온 크림,,0
닥터자르트,세라마이딘 스킨 베리어 모이스처라이징 아이크림,닥터자르트 세라마이딘 스킨 베리어 모이스처라이징 아이크림,,0
브링그린,사철쑥카밍EX베리어크림 더블기획,브링그린 사철쑥카밍EX베리어크림 더블기획,,0
바이오힐,보 비타시너지 기미잡티 토닝 크림,바이오힐 보 비타시너지 기미잡티 토닝 크림,,0
헤브블루,피톤 스쿠아 히알 블루 젤크림,헤브블루 피톤 스쿠아 히알 블루 젤크림,,0
에스트라,에이시카365 리페어 크림 pH4.,에스트라 에이시카365 리페어 크림 pH4.,,0
아누아,피디알엔 히알루론산 크림,아누아 피디알엔 히알루론산 크림,,0
셀올로지,블루 이레이저 크림,셀올로지 블루 이레이저 크림,,0
SVR,토피알리즈 밤프로텍트,SVR 토피알리즈 밤프로텍트,,0
SVR,센시파인 뉴트리밤,SVR 센시파인 뉴트리밤,,0
아이디얼포맨,파워쿨링 애프터쉐이브 겔,아이디얼포맨 파워쿨링 애프터쉐이브 겔,,0
테라로직,레티날 주름탄력 크림,테라로직 레티날 주름탄력 크림,,0
이니스프리,비타민C 캡슐 크림,이니스프리 비타민C 캡슐 크림,,0
이니스프리,그린티 히알루론산 글로우 아이&페이스볼,이니스프리 그린티 히알루론산 글로우 아이&페이스볼,,0
스튜디오17,워터부스트 히알루론 수분크림,스튜디오17 워터부스트 히알루론 수분크림,,0
아이오페,비타민C 엑스퍼트 % 마스크컨센트레이트,아이오페 비타민C 엑스퍼트 % 마스크컨센트레이트,,0
셀퓨전씨,포스트 쿨링 젤 크림,셀퓨전씨 포스트 쿨링 젤 크림,,0
웰라쥬,하이퍼 펩타이드 밴디지 크림,웰라쥬 하이퍼 펩타이드 밴디지 크림,,0
메디톡스,뉴라덤 더마크림,메디톡스 뉴라덤 더마크림,,0
숨37,시크릿 멀티밤,숨37 시크릿 멀티밤,,0
아비노,오트 젤 크림,아비노 오트 젤 크림,,0
비긴스,바이 정샘물 포어 타이트닝 크림,비긴스 바이 정샘물 포어 타이트닝 크림,,0
숨37,워터풀 젤크림 헬리녹스,숨37 워터풀 젤크림 헬리녹스,,0
숨37,헬리녹스 벨벳 선스틱/젤크림/스킨스테이 쿠션 1호 택1,숨37 헬리녹스 벨벳 선스틱/젤크림/스킨스테이 쿠션 1호 택1,,0
아벤느,시칼파트 플러스 블레미쉬 크림,아벤느 시칼파트 플러스 블레미쉬 크림,,0
브이앤에이뷰티,안티옥시던트 시너지 크림,브이앤에이뷰티 안티옥시던트 시너지 크림,,0
필킨X약손명가,링클 솔루션 코렉터 크림,필킨X약손명가 링클 솔루션 코렉터 크림,,0
아벤느,비타민 액티브 VACg 크림 * *항산화,아벤느 비타민 액티브 VACg 크림 * *항산화,,0
로벡틴,비타 토닝 크림,로벡틴 비타 토닝 크림,,0
브이앤에이뷰티,안티옥시던트 하이드레이션 크림,브이앤에이뷰티 안티옥시던트 하이드레이션 크림,,0
키엘,울트라 훼이셜 크림,키엘 울트라 훼이셜 크림,,0
닥터자르트,파워 더마 베리어 크림,닥터자르트 파워 더마 베리어 크림,,0
NEW,닥터자르트 파워 더마 베리어 크림,NEW 닥터자르트 파워 더마 베리어 크림,,0
설화수,탄력크림 EX,설화수 탄력크림 EX,,0
리엔케이,하이퍼 히알 플럼핑 크림,리엔케이 하이퍼 히알 플럼핑 크림,,0
리엔케이,하이퍼 히알 플럼핑 크림,리엔케이 하이퍼 히알 플럼핑 크림,,0
에스테덤,인텐시브 프로 콜라겐,에스테덤 인텐시브 프로 콜라겐,,0
아떼,포스트 레이저 리페어 크림,아떼 포스트 레이저 리페어 크림,,0
어나더페이스,펩타테놀 밸런스 크림,어나더페이스 펩타테놀 밸런스 크림,,0
아비브,글루타치온좀 크림 비타 튜브,아비브 글루타치온좀 크림 비타 튜브,,0
퍼셀,픽셀바이옴 히알 콜라겐 스플래쉬 크림,퍼셀 픽셀바이옴 히알 콜라겐 스플래쉬 크림,,0
더마팩토리,바쿠치올 % 크림,더마팩토리 바쿠치올 % 크림,,0
더마팩토리,레티날 300ppm크림,더마팩토리 레티날 300ppm크림,,0
성분에디터,그린토마토 NMN 포어 리프팅 크림,성분에디터 그린토마토 NMN 포어 리프팅 크림,,0
닥터자르트,바이탈 하이드라 솔루션 하이드로 플럼프 워터 크림,닥터자르트 바이탈 하이드라 솔루션 하이드로 플럼프 워터 크림,,0
랑콤,제니피끄 얼티미트 아이 크림,랑콤 제니피끄 얼티미트 아이 크림,"피이지-10,피피지-16",2
랑콤,이드라젠 모이스처라이징 수딩크림/젤크림,랑콤 이드라젠 모이스처라이징 수딩크림/젤크림,,0
랑콤,이드라젠 수딩젤 크림,랑콤 이드라젠 수딩젤 크림,,0
셀라딕스,트러블 세라 캡슐 크림,셀라딕스 트러블 세라 캡슐 크림,,0
디퍼,히알루론산 히알큐브 슬러시 크림,디퍼 히알루론산 히알큐브 슬러시 크림,,0
아이오페,XMD 스템3 클리니컬 리커버리 크림,아이오페 XMD 스템3 클리니컬 리커버리 크림,,0
랑콤,이드라젠 모이스처라이징 앤 수딩 크림,랑콤 이드라젠 모이스처라이징 앤 수딩 크림,,0
에스테덤,셀룰러 워터 프레쉬 젤,에스테덤 셀룰러 워터 프레쉬 젤,,0
에스테덤,인텐시브 비타민 C 젤 크림,에스테덤 인텐시브 비타민 C 젤 크림,,0
닥터멜락신,아이팔트 레티놀 아이백 아이크림,닥터멜락신 아이팔트 레티놀 아이백 아이크림,아디픽애씨드,1
닥터멜락신,시멘리트 칼슘 볼륨 크림,닥터멜락신 시멘리트 칼슘 볼륨 크림,,0
LBB,인텐시브 케어 인 크림,LBB 인텐시브 케어 인 크림,,0
구달,청귤 비타C 잡티케어 톤업 크림,구달 청귤 비타C 잡티케어 톤업 크림,,0
플로디카,워터백 베리어 크림,플로디카 워터백 베리어 크림,,0
아이소이,브라이트닝 민감다크 아이크림,아이소이 브라이트닝 민감다크 아이크림,,0
CKD,레티노콜라겐 저분자 괄사 목주름 크림 리필용,CKD 레티노콜라겐 저분자 괄사 목주름 크림 리필용,,0
SVR,바이오틱 C20 크림,SVR 바이오틱 C20 크림,,0
[대용량],더페이스샵 올티밋 히알루로닉 스쿠알란 % 크림,[대용량] 더페이스샵 올티밋 히알루로닉 스쿠알란 % 크림,,0
청미정,기미잡티크림 카카두플럼,청미정 기미잡티크림 카카두플럼,,0
스킨푸드,피치뽀송 징크피씨에이 톤업 크림,스킨푸드 피치뽀송 징크피씨에이 톤업 크림,,0
밀크터치,서양송악 그린히알루론 6초 크림,밀크터치 서양송악 그린히알루론 6초 크림,,0
조선미녀,인삼아이크림,조선미녀 인삼아이크림,,0
리브엠,시카좀 카밍 워터 젤크림,리브엠 시카좀 카밍 워터 젤크림,,0
리브엠,워터핏 8중 수분착붙 크림,리브엠 워터핏 8중 수분착붙 크림,,0
아이소이,브라이트닝 흔적크림,아이소이 브라이트닝 흔적크림,,0
샤르드,엔엠엔 플러스 리프트 아이크림 리필용,샤르드 엔엠엔 플러스 리프트 아이크림 리필용,,0
오브제,모이스처 프로틴 장벽 크림,오브제 모이스처 프로틴 장벽 크림,,0
키엘,울트라 훼이셜 어드밴스드 리페어 베리어 크림,키엘 울트라 훼이셜 어드밴스드 리페어 베리어 크림,,0
리덴스,톤앤스팟 리커버리 크림,리덴스 톤앤스팟 리커버리 크림,,0
유리아쥬,시카 데일리 리페어 콘센트레 크림,유리아쥬 시카 데일리 리페어 콘센트레 크림,,0
랑콤,레네르지 에이치피엔 울트라 크림,랑콤 레네르지 에이치피엔 울트라 크림,,0
블랙몬스터,나이트 크림,블랙몬스터 나이트 크림,,0
더하르나이,시카이드 크림,더하르나이 시카이드 크림,,0
라로슈포제,시카플라스트 밤B5,라로슈포제 시카플라스트 밤B5,,0
토리든,다이브인 저분자 히알루론산 수딩 크림,토리든 다이브인 저분자 히알루론산 수딩 크림,,0
바이오더마,시카비오 크림,바이오더마 시카비오 크림,,0
잇츠스킨,시크릿 솔루션 웨딩 드레스 퓨어 크림,잇츠스킨 시크릿 솔루션 웨딩 드레스 퓨어 크림,,0
제로이드,인텐시브 크림,제로이드 인텐시브 크림,,0
파파레서피,마데케어 연고,파파레서피 마데케어 연고,,0
메디큐브,제로 원데이 크림,메디큐브 제로 원데이 크림,,0
반코르,덱스판테놀크림 아데노신 닥터,반코르 덱스판테놀크림 아데노신 닥터,,0
가히,멀티밤 리필형,가히 멀티밤 리필형,,0
파티온,노스카나인 트러블 크림,파티온 노스카나인 트러블 크림,,0
프리메이,진정한 크림,프리메이 진정한 크림,,0
토리든,다이브인 수딩크림,토리든 다이브인 수딩크림,,0
에르쯔틴,리제너레이티브 실트 크림,에르쯔틴 리제너레이티브 실트 크림,,0
넘버즈인,1번 판토텐산 액티브 수딩크림,넘버즈인 1번 판토텐산 액티브 수딩크림,,0
불독,오리지널 모이스처라이저,불독 오리지널 모이스처라이저,,0
하다라보,고쿠쥰 퍼펙트 젤,하다라보 고쿠쥰 퍼펙트 젤,,0
피지오겔,DMT 페이셜 크림,피지오겔 DMT 페이셜 크림,,0
유세린,아쿠아포린 액티브 포 노멀 투 컴비네이션 스킨 복합성피부용,유세린 아쿠아포린 액티브 포 노멀 투 컴비네이션 스킨 복합성피부용,,0
미프,미남크림 톤업화이트닝,미프 미남크림 톤업화이트닝,피피지-17,1
에스네이처,아쿠아 스쿠알란 수분크림,에스네이처 아쿠아 스쿠알란 수분크림,,0
CKD,레티노콜라겐 저분자 크림,CKD 레티노콜라겐 저분자 크림,,0
CKD,레티노콜라겐 저분자 집중크림,CKD 레티노콜라겐 저분자 집중크림,,0
더마픽스,리얼 콜라겐 텐션업 멀티스틱밤,더마픽스 리얼 콜라겐 텐션업 멀티스틱밤,,0
가히,키스틴밤,가히 키스틴밤,,0
가히,엑스틴C밤,가히 엑스틴C밤,,0
더말로지카,딥모이스춰 스킨 스무딩 크림,더말로지카 딥모이스춰 스킨 스무딩 크림,,0
블리블리,인진쑥 리턴 크림,블리블리 인진쑥 리턴 크림,,0
블리블리,워터 물광밤,블리블리 워터 물광밤,,0
바비브라운,비타민 인리치드 페이스 베이스,바비브라운 비타민 인리치드 페이스 베이스,,0
가히,멀티밤 & 멀티밤 듀오,가히 멀티밤 & 멀티밤 듀오,,0
베리홉,에잇 데이즈 퓨어 비타민 씨 크림,베리홉 에잇 데이즈 퓨어 비타민 씨 크림,,0
싸이닉,콜라겐 앰플 스틱,싸이닉 콜라겐 앰플 스틱,,0
마몽드,블루 캐모마일 크림,마몽드 블루 캐모마일 크림,,0
바비브라운,미니 비타민 인리치드 페이스 베이스,바비브라운 미니 비타민 인리치드 페이스 베이스,,0
코스노리,비건 아보카도 아이크림,코스노리 비건 아보카도 아이크림,,0
유리아쥬,제모스 끄렘,유리아쥬 제모스 끄렘,,0
록시땅,시어 버터 울트라 리치 페이스 크림,록시땅 시어 버터 울트라 리치 페이스 크림,,0
토리든,다이브인 저분자 히알루론산 크림,토리든 다이브인 저분자 히알루론산 크림,,0
더마펌,모이스트 베리어 인텐시브 크림 M4,더마펌 모이스트 베리어 인텐시브 크림 M4,,0
더파이,히알루로닉 장벽 크림,더파이 히알루로닉 장벽 크림,,0
에스티,로더 어드밴스드 나이트 리페어 아이 컨센트레이트 매트릭스,에스티 로더 어드밴스드 나이트 리페어 아이 컨센트레이트 매트릭스,,0
AHC,텐션 아이크림 스틱 포 페이스,AHC 텐션 아이크림 스틱 포 페이스,히스티딘,1
씨널스,씨트러스트 카밍 크림,씨널스 씨트러스트 카밍 크림,,0
미구하라,화이트닝 인텐시브 크림,미구하라 화이트닝 인텐시브 크림,,0
도미나스,크림 플러스,도미나스 크림 플러스,,0
벨라수,데콜테 넥크림,벨라수 데콜테 넥크림,,0
메디올가,메디 아하 크림 스트롱,메디올가 메디 아하 크림 스트롱,,0
차앤박(CNP),차앤박 프로폴리스 멀티 앰플밤,차앤박(CNP) 차앤박 프로폴리스 멀티 앰플밤,,0
라로슈포제,시카플라스트 밤 B5,라로슈포제 시카플라스트 밤 B5,,0
피부미,센텔루션 시카 크림 3X,피부미 센텔루션 시카 크림 3X,,0
가히,멀티밤 리필형,가히 멀티밤 리필형,,0
시드물,마다가스카르 리얼 수분크림,시드물 마다가스카르 리얼 수분크림,,0
아누아,자작나무 부스팅 크림,아누아 자작나무 부스팅 크림,,0
에스티,로더 리바이탈라이징 수프림,에스티 로더 리바이탈라이징 수프림,,0
코스톡,톡톡 수딩 아쿠아 크림,코스톡 톡톡 수딩 아쿠아 크림,,0
AHC,유스 래스팅 리얼 아이크림 포 페이스,AHC 유스 래스팅 리얼 아이크림 포 페이스,히스티딘,1
닥터자르트,시카페어 쏘 수딩 트리트먼트,닥터자르트 시카페어 쏘 수딩 트리트먼트,,0
닥터자르트,시카페어 인텐시브 수딩 리페어 크림,닥터자르트 시카페어 인텐시브 수딩 리페어 크림,,0
세타필,페이셜 수분크림,세타필 페이셜 수분크림,,0
닥터자르트,바이탈 하이드라 솔루션 하이드로 플럼프 워터 크림,닥터자르트 바이탈 하이드라 솔루션 하이드로 플럼프 워터 크림,,0
에스티,로더 뉴트리셔스 멜팅 소프트 크림/마스크,에스티 로더 뉴트리셔스 멜팅 소프트 크림/마스크,,0
라운드랩,약콩 판테놀 크림,라운드랩 약콩 판테놀 크림,,0
몰바니,아티초크 카밍 케어 수딩 크림,몰바니 아티초크 카밍 케어 수딩 크림,,0
메디큐브,에이지알 비타 케이 크림,메디큐브 에이지알 비타 케이 크림,,0
메디필,히알루론산 레이어 물톡스 크림,메디필 히알루론산 레이어 물톡스 크림,,0
SNP,골드 콜라겐 엑스퍼트 크림,SNP 골드 콜라겐 엑스퍼트 크림,,0
스킨푸드,캐롯 카로틴 릴리프 크림,스킨푸드 캐롯 카로틴 릴리프 크림,,0
로우퀘스트,베리어 리커버리 크림,로우퀘스트 베리어 리커버리 크림,,0
이즈앤트리,어니언 뉴페어 겔크림,이즈앤트리 어니언 뉴페어 겔크림,,0
슬로소피,뉴트리 다이브 크림,슬로소피 뉴트리 다이브 크림,,0
리얼베리어,아쿠아 수딩 크림,리얼베리어 아쿠아 수딩 크림,,0
유세린,하이알루론 3X 아이크림,유세린 하이알루론 3X 아이크림,,0
마몽드,프로바이오틱스 세라마이드 인텐스 크림,마몽드 프로바이오틱스 세라마이드 인텐스 크림,,0
에스네이처,아쿠아 오아시스 젤크림,에스네이처 아쿠아 오아시스 젤크림,,0
에스네이처,아쿠아 소이 요거 아이크림,에스네이처 아쿠아 소이 요거 아이크림,,0
이니스프리,그린티 히알루론산 글로우 아이&페이스볼,이니스프리 그린티 히알루론산 글로우 아이&페이스볼,,0
리얼베리어,익스트림 크림,리얼베리어 익스트림 크림,,0
라로제,안티퍼티그 아이 컨투어 스틱,라로제 안티퍼티그 아이 컨투어 스틱,,0
코스알엑스,더 레티놀 . 크림,코스알엑스 더 레티놀 . 크림,,0
토리든,셀메이징 저분자 콜라겐 아이크림,토리든 셀메이징 저분자 콜라겐 아이크림,,0
한율,쑥시카 수분크림,한율 쑥시카 수분크림,,0
에스트라,아토베리어365 하이드로 수딩크림,에스트라 아토베리어365 하이드로 수딩크림,,0
디오디너리,내추럴 모이스처라이징 팩터스,디오디너리 내추럴 모이스처라이징 팩터스,,0
라네즈,워터뱅크 젤 크림,라네즈 워터뱅크 젤 크림,,0
아비브,수분초 히알루론 크림 하이드레이팅 팟,아비브 수분초 히알루론 크림 하이드레이팅 팟,,0
파파레서피,블레미쉬 크림,파파레서피 블레미쉬 크림,,0
수려한,효비담 수분샘크림,수려한 효비담 수분샘크림,,0
아벤느,시칼파트,아벤느 시칼파트,,0
한율,빨간쌀 보습탄력 크림,한율 빨간쌀 보습탄력 크림,,0
누텍스처,컴포팅크림,누텍스처 컴포팅크림,,0
라돌프,퓨어파지 크림 알엑스,라돌프 퓨어파지 크림 알엑스,,0
리얼베리어,익스트림 크림,리얼베리어 익스트림 크림,,0
LBB,셀룰라 인텐시브 케어 인 크림,LBB 셀룰라 인텐시브 케어 인 크림,,0
에스네이처,아쿠아 스쿠알란 수분크림 더블기획,에스네이처 아쿠아 스쿠알란 수분크림 더블기획,,0
더하르나이,시카이드 밤 100ml기획,더하르나이 시카이드 밤 100ml기획,,0
빌리프,아쿠아 밤 아이젤,빌리프 아쿠아 밤 아이젤,,0
